0.51014	0.28274
0.61133	0.68025
0.85200	0.43217
0.75033	0.64536
0.89557	0.74936
0.71986	0.32258
0.49807	0.47656
0.47242	0.38539
0.57787	0.78734
0.58043	0.75672
0.50143	0.59636
0.54736	0.15792
0.65199	0.35094
0.58299	0.17254
0.46821	0.27255
0.49052	0.23536
0.27937	0.25019
0.86142	0.77980
0.35984	0.47379
0.82116	0.46852
0.37469	0.19156
0.52619	0.44547
0.53775	0.44404
0.85160	0.64488
0.53710	0.88998
0.63523	0.58584
0.49633	0.22374
0.51617	0.49171
0.67135	0.12438
0.91151	0.13255
0.84624	0.64547
0.33781	0.71648
0.51229	0.38231
0.21456	0.52260
0.61491	0.92911
0.28387	0.35802
0.52685	0.43574
0.78563	0.67764
0.68711	0.40632
0.68719	0.40566
0.56437	0.91751
0.55306	0.85070
0.83823	0.64857
0.50653	0.20846
0.72257	0.18824
0.64736	0.23540
0.59913	0.28138
0.52595	0.49374
0.46531	0.10723
0.85558	0.64300
0.50951	0.78368
0.61496	0.38362
0.41145	0.30408
0.61554	0.84653
0.64471	0.08344
0.31130	0.45113
0.53590	0.19870
0.84625	0.41016
0.50642	0.22870
0.84148	0.64143
0.84953	0.63706
0.83871	0.64915
0.53271	0.44281
0.74254	0.67811
0.62599	0.30398
0.21172	0.39918
0.59713	0.05192
0.55898	0.43860
0.83595	0.15358
0.55906	0.44325
0.63203	0.88205
0.80918	0.22199
0.56110	0.18043
0.80430	0.80019
0.73010	0.82795
0.35485	0.66213
0.76706	0.31543
0.83955	0.44067
0.45784	0.51484
0.32909	0.55624
0.48461	0.09176
0.85529	0.66412
0.42957	0.90334
0.38059	0.34389
0.43089	0.60710
0.46752	0.19110
0.34996	0.47272
0.46554	0.54180
0.86824	0.28414
0.50097	0.64017
0.84436	0.64407
0.57254	0.85807
0.68620	0.80290
0.36237	0.19881
0.72518	0.67000
0.35278	0.18648
0.64637	0.68689
0.55629	0.09317
0.85535	0.68943
0.66460	0.02798
0.83133	0.66846
0.65972	0.90716
0.65907	0.90668
0.69987	0.86509
0.81824	0.32778
0.80887	0.61556
0.66460	0.02798
0.84905	0.69555
0.27687	0.36732
0.34018	0.22122
0.65907	0.90668
0.69987	0.86509
0.33316	0.20279
0.67284	0.00000
0.48837	0.81783
0.56389	0.86241
0.63827	0.07159
0.81832	0.32772
0.60083	0.09295
0.43731	0.61792
0.56772	0.64412
0.65849	0.72502
0.67850	0.35892
0.48951	0.59433
0.46834	0.26758
0.58649	0.54599
0.34472	0.49047
0.68833	0.86632
0.37490	0.51363
0.33814	0.28455
0.39216	0.60353
0.80160	0.66838
0.59223	0.54896
0.80665	0.30193
0.38430	0.52019
0.55572	0.24109
0.60503	0.79741
0.29985	0.59106
0.56129	0.07581
0.45926	0.62292
0.74230	0.63786
0.81067	0.62712
0.86385	0.71047
0.91089	0.35488
0.39069	0.32644
0.63962	0.75048
0.42501	0.11251
0.28945	0.47121
0.71959	0.10733
0.69019	0.52531
0.54523	0.63403
0.50331	0.27435
0.32086	0.42623
0.28919	0.51336
0.84969	0.23590
0.62839	0.89372
0.83817	0.61475
0.73206	0.84149
0.38299	0.31719
0.29622	0.39678
0.42956	0.90334
0.33325	0.49045
0.93717	0.71462
0.67644	0.03391
0.52630	0.45989
0.75638	0.60733
0.64289	0.60480
0.85117	0.59770
0.42702	0.41875
0.37631	0.60153
0.46634	0.20685
0.45300	0.25873
0.82228	0.67240
0.47885	0.08562
0.64899	0.23920
0.41296	0.34399
0.57661	0.63499
0.86613	0.64449
0.22570	0.44613
0.64896	0.23916
0.64980	0.86879
0.65938	0.92736
0.89260	0.32738
0.33353	0.63339
0.84123	0.71127
0.93959	0.65155
0.35596	0.64893
0.90965	0.62534
0.35230	0.33191
0.51363	0.11950
0.52673	0.74829
0.42591	0.48027
0.66813	0.50081
0.28501	0.52223
0.56444	0.73182
0.37256	0.30072
0.70932	0.75315
0.81029	0.66492
0.75321	0.53092
0.68194	0.33714
0.76500	0.79296
0.82305	0.48468
0.81632	0.64200
0.88737	0.34140
0.35072	0.32003
0.46946	0.53133
0.59058	0.14630
0.49625	0.80400
0.87295	0.68280
0.27797	0.53567
0.81859	0.61151
0.46846	0.41796
0.28547	0.38090
0.85304	0.20483
0.83568	0.59196
0.54682	0.61304
0.79644	0.76459
0.90965	0.67771
0.76477	0.52222
0.92741	0.68570
0.80920	0.65584
0.31399	0.35299
0.70669	0.31899
0.86279	0.64383
0.50557	0.62636
0.41939	0.52260
0.50948	0.78676
0.31617	0.32538
0.87841	0.61416
0.57374	0.86594
0.83890	0.30097
0.30976	0.30170
0.86423	0.61915
0.58140	0.10269
0.56463	0.54274
0.56877	0.54477
0.53802	0.53522
0.59669	0.61521
0.50459	0.84624
0.58502	0.59631
0.88134	0.75302
0.90903	0.30202
0.43071	0.35333
0.47732	0.85077
0.27954	0.59469
0.83488	0.67755
0.60190	0.85609
0.48732	0.77132
0.80921	0.68082
0.74928	0.37168
0.41792	0.42224
0.34996	0.56866
0.85647	0.65763
0.45770	0.61845
0.55524	0.37916
0.42178	0.54214
0.77664	0.51954
0.41909	0.32089
0.78698	0.63546
0.93203	0.63958
0.53814	0.20073
0.49626	0.80399
0.83977	0.65518
0.27663	0.53591
0.64160	0.93637
0.34914	0.34705
0.26682	0.42860
0.85623	0.65730
0.85399	0.21627
0.84258	0.64977
0.55131	0.61816
0.64700	0.83330
0.76477	0.52223
0.86966	0.61487
0.91228	0.59729
0.30425	0.35565
0.70669	0.31902
0.50022	0.74001
0.29431	0.57886
0.43572	0.45509
0.50290	0.07820
0.54802	0.64496
0.56639	0.26582
0.31531	0.39966
0.83626	0.27371
0.21368	0.53571
0.82695	0.66204
0.75008	0.79715
0.37054	0.49557
0.50776	0.81054
0.80074	0.64685
0.82241	0.61955
0.65524	0.15033
0.72682	0.12815
0.86332	0.63894
0.42489	0.63849
0.52270	0.29268
0.43694	0.59667
0.43078	0.60315
0.52226	0.41601
0.43956	0.57632
0.50943	0.71979
0.56791	0.58665
0.56780	0.65114
0.55608	0.56073
0.90903	0.30202
0.53672	0.37817
0.45637	0.55233
0.89066	0.65978
0.39670	0.82832
0.50458	0.84625
0.91288	0.61746
0.56694	0.92150
0.53912	0.16651
0.46058	0.63873
0.82729	0.27633
0.64260	0.36476
0.39898	0.67496
0.66725	0.07292
0.82894	0.14900
0.71160	0.65935
0.47915	0.22194
0.71565	0.40569
0.32358	0.53395
0.64017	0.74475
0.50613	0.62841
0.86471	0.59612
0.53429	0.44626
0.88814	0.63058
0.82870	0.42031
0.33052	0.45300
0.57682	0.06563
0.82664	0.63444
0.38147	0.44156
0.42823	0.52737
0.82189	0.68823
0.34027	0.34121
0.92028	0.64458
0.84081	0.69281
0.87883	0.27558
0.89369	0.70200
0.85601	0.58351
0.52238	0.76236
0.75119	0.75622
0.91015	0.66690
0.87317	0.67150
0.48808	0.35299
0.37308	0.29816
0.67760	0.65885
0.49904	0.10035
0.64700	0.83331
0.76483	0.52218
0.79444	0.66383
0.80498	0.60389
0.33716	0.21510
0.60389	0.15327
0.43430	0.40250
0.55577	0.53838
0.51661	0.81236
0.79818	0.67501
0.80468	0.68441
0.81788	0.63683
0.81995	0.49528
0.33441	0.21033
0.58160	0.30211
0.82210	0.66815
0.27954	0.59469
0.36057	0.62053
0.56729	0.83279
0.82967	0.70067
0.72635	0.84944
0.77001	0.61639
0.75896	0.39809
0.42809	0.30041
0.53804	0.19767
0.30494	0.50648
0.65687	0.95320
0.63610	0.64314
0.36652	0.38565
0.36870	0.56585
0.75315	0.53096
0.74967	0.81356
0.82330	0.48473
0.52674	0.74829
0.84387	0.60892
0.92502	0.61122
0.62213	0.55832
0.44918	0.42371
0.66810	0.50081
0.56444	0.73183
0.76465	0.30172
0.80814	0.40376
0.57615	0.24317
0.25454	0.45936
0.31493	0.22467
0.43727	0.41866
0.50723	0.09654
0.73629	0.15331
0.38566	0.58784
0.78629	0.65719
0.46189	0.83112
0.87536	0.67860
0.52173	0.09062
0.52674	0.74829
0.63486	0.86088
0.26110	0.56196
0.68977	0.70790
0.63112	0.80689
0.36407	0.28150
0.46893	0.47107
0.63602	0.64351
0.82327	0.48475
0.33259	0.36755
0.75309	0.53097
0.44676	0.61029
0.65078	0.54812
0.49793	0.37132
0.66712	0.50123
0.73177	0.40560
0.67997	0.49543
0.63382	0.38982
0.79193	0.34012
0.92678	0.63152
0.63055	0.91195
0.81830	0.65324
0.89330	0.22287
0.87609	0.62606
0.83925	0.32122
0.28259	0.48612
0.72686	0.14607
0.43673	0.42499
0.31728	0.48786
0.88156	0.65815
0.58735	0.06048
0.32065	0.46220
0.27575	0.48738
0.41639	0.45646
0.34840	0.17882
0.79556	0.21503
0.96645	0.61189
0.84329	0.45648
0.44967	0.61511
0.60430	0.85964
0.73178	0.55738
0.37045	0.43920
0.33933	0.29800
0.73159	0.55917
0.52360	0.50476
0.44093	0.20543
0.28248	0.61240
0.72737	0.68816
0.72998	0.68701
0.38956	0.28601
0.60017	0.47645
0.64969	0.82369
0.83975	0.33872
0.38686	0.23702
0.54026	0.35337
0.93959	0.65155
0.74857	0.60879
0.66891	0.88128
0.28199	0.31840
0.48857	0.78625
0.61095	0.94311
0.64762	0.13809
0.81140	0.36802
0.35769	0.26002
0.47538	0.31969
0.33787	0.59798
0.68350	0.54440
0.81153	0.29508
0.41329	0.24543
0.44060	0.96527
0.60431	0.86092
0.68079	0.43394
0.65391	0.86228
0.39286	0.53762
0.63392	0.09096
0.86645	0.64544
0.79567	0.51005
0.86523	0.65987
0.47794	0.43430
0.42473	0.49729
0.31064	0.33759
0.35626	0.50544
0.72623	0.23327
0.58293	0.43916
0.53337	0.17731
0.34826	0.48414
0.70038	0.78639
0.27190	0.52916
0.48569	0.09789
0.51395	0.30047
0.26512	0.40607
0.83077	0.45671
0.53211	0.81794
0.87898	0.66431
0.57178	0.86155
0.39887	0.33302
0.54433	0.83282
0.84039	0.60465
0.38147	0.44155
0.41073	0.20836
0.62382	0.82251
0.31721	0.28628
0.84504	0.19808
0.79819	0.63868
0.81118	0.64382
0.53769	0.58458
0.54289	0.05039
0.85696	0.67964
0.27653	0.53319
0.64160	0.93637
0.33601	0.33905
0.35871	0.37362
0.68651	0.67683
0.67224	0.09387
0.70267	0.75485
0.55106	0.61601
0.64700	0.83331
0.76477	0.52222
0.90167	0.60197
0.84947	0.62322
0.30425	0.35565
0.75890	0.30844
0.90019	0.63166
0.47229	0.32091
0.71695	0.85066
0.50412	0.07842
0.84553	0.46756
0.88596	0.60330
0.44906	0.68031
0.85468	0.69984
0.84220	0.70261
0.33690	0.43867
0.29120	0.56409
0.58620	0.83072
0.50312	0.54620
0.51730	0.11343
0.50271	0.33338
0.45155	0.65327
0.73143	0.55905
0.34907	0.47321
0.37399	0.57951
0.50594	0.28990
0.34622	0.61479
0.87422	0.30562
0.56700	0.36873
0.40129	0.48746
0.53502	0.26206
0.73033	0.55913
0.85173	0.63590
0.65454	0.88338
0.39839	0.30756
0.42955	0.90334
0.66984	0.27378
0.71171	0.47307
0.65499	0.93808
0.35276	0.17371
0.46785	0.22798
0.48070	0.24945
0.92486	0.37709
0.75950	0.82313
0.38495	0.57442
0.76286	0.60447
0.43761	0.34001
0.34334	0.62275
0.86295	0.65792
0.45695	0.42752
0.73127	0.55938
0.85398	0.64985
0.34427	0.51928
0.51414	0.13311
0.40496	0.48826
0.85214	0.63590
0.37822	0.54475
0.32724	0.18895
0.84411	0.66005
0.44541	0.60501
0.85145	0.66305
0.41359	0.48549
0.29087	0.33355
0.34634	0.61216
0.64904	0.30117
0.83949	0.33306
0.84335	0.65971
0.27042	0.44427
0.41604	0.61843
0.56630	0.62673
0.54889	0.35461
0.66330	0.48609
0.49113	0.62157
0.57351	0.15352
0.89502	0.74959
0.47487	0.63252
0.56931	0.46308
0.44841	0.41080
0.85875	0.65117
0.60537	0.89367
0.88454	0.39552
0.58899	0.84270
0.59280	0.44234
0.59368	0.07959
0.60164	0.15593
0.56638	0.12503
0.49987	0.59619
0.85587	0.64380
0.85451	0.63666
0.42940	0.65565
0.32106	0.29504
0.31362	0.52567
0.52703	0.74783
0.41221	0.81089
0.31545	0.49904
0.65680	0.95319
0.35532	0.37647
0.62207	0.55826
0.75328	0.53086
0.35495	0.55504
0.82295	0.48465
0.85127	0.66307
0.66788	0.50083
0.85331	0.65063
0.47445	0.42299
0.78018	0.20765
0.56472	0.73144
0.71548	0.05433
0.85254	0.65051
0.35916	0.48862
0.53664	0.28264
0.54605	0.07169
0.84164	0.46911
0.38529	0.45346
0.70721	0.49005
0.84175	0.65786
0.48448	0.64857
0.48877	0.08560
0.48325	0.72546
0.71386	0.84310
0.39824	0.56461
0.84357	0.64589
0.84211	0.64687
0.49625	0.80400
0.75120	0.75622
0.83806	0.64916
0.64160	0.93636
0.41685	0.45361
0.26626	0.42668
0.79035	0.14109
0.84309	0.65951
0.34893	0.26842
0.84550	0.65387
0.76477	0.52222
0.84327	0.65961
0.84979	0.63901
0.30230	0.33130
0.50942	0.12406
0.40587	0.29576
0.52675	0.74829
0.83020	0.61244
0.24416	0.57317
0.84782	0.67835
0.63101	0.80701
0.63108	0.40159
0.81189	0.44615
0.58845	0.69427
0.82297	0.48475
0.75314	0.53100
0.87804	0.71101
0.91807	0.65717
0.50834	0.35231
0.66807	0.50079
0.61162	0.52991
0.56444	0.73179
0.92460	0.62138
0.76265	0.29511
0.29648	0.46750
0.54176	0.45241
0.60465	0.14099
0.62624	0.31687
0.89131	0.30618
0.83557	0.69621
0.64712	0.76471
0.33590	0.50210
0.60630	0.44951
0.56828	0.11450
0.55473	0.44957
0.97089	0.62926
0.81067	0.62712
0.83764	0.67174
0.91396	0.70812
0.35397	0.43483
0.80369	0.33936
0.85558	0.21600
0.82967	0.14942
0.78587	0.48885
0.63022	0.71843
0.41389	0.34373
0.68359	0.11077
0.59687	0.16668
0.51701	0.31469
0.79833	0.13649
0.72459	0.45008
0.82166	0.51917
0.82682	0.63681
0.77130	0.82712
0.58199	0.32608
0.38200	0.65163
0.85853	0.64145
0.30149	0.54653
0.46540	0.10705
0.74373	0.55595
0.76415	0.77750
0.27430	0.34023
0.25999	0.36453
0.81708	0.68039
0.86511	0.68636
0.80173	0.45724
0.90930	0.65624
0.55641	0.49492
0.84170	0.62010
0.46651	0.58764
0.26391	0.46061
0.70396	0.84559
0.73502	0.83459
0.41409	0.49732
0.48254	0.07636
0.83799	0.43373
0.41643	0.47322
0.48698	0.11023
0.65226	0.46229
0.68776	0.50781
0.53142	0.17351
0.64034	0.74783
0.49491	0.33715
0.30777	0.61884
0.54705	0.58974
0.76047	0.38814
0.72881	0.81400
0.81064	0.67211
0.18950	0.51724
0.27542	0.36534
0.36136	0.44539
0.51052	0.12705
0.64710	0.57096
0.59571	0.31030
0.70828	0.88662
0.44802	0.40501
0.43605	0.40072
0.50458	0.84625
0.42441	0.57104
0.52838	0.56127
0.74814	0.36120
0.83787	0.49139
0.35144	0.58226
0.56711	0.53763
0.55948	0.88494
0.83720	0.62754
0.85471	0.71916
0.64223	0.13991
0.73001	0.28668
0.41044	0.27569
0.55039	0.30275
0.48510	0.09295
0.48094	0.91760
0.50819	0.45057
0.24903	0.53264
0.46946	0.11152
0.64911	0.23944
0.87954	0.69969
0.33870	0.72241
0.76793	0.46302
0.60150	0.87722
0.90768	0.64902
0.64702	0.26001
0.71668	0.76845
0.83106	0.24055
0.52583	0.64190
0.72369	0.21443
0.40918	0.86098
0.35548	0.61980
0.26407	0.36949
0.33736	0.21572
0.33653	0.28210
0.83590	0.43090
0.38204	0.47156
0.92004	0.67128
0.34026	0.22382
0.59313	0.84653
0.49309	0.08826
0.91887	0.32850
0.32762	0.43881
0.31365	0.58344
0.47612	0.64925
0.50176	0.81710
0.90019	0.63166
0.87317	0.67150
0.88596	0.60330
0.83333	0.63031
0.87782	0.62262
0.83708	0.62260
0.89995	0.61783
0.87156	0.61939
0.88955	0.58626
0.23439	0.53964
0.86069	0.60674
0.44073	0.56754
0.88493	0.57004
0.86573	0.67620
0.82902	0.68876
0.50980	0.83069
0.82130	0.64886
0.51332	0.13327
0.69966	0.82710
0.49765	0.20350
0.68431	0.71956
0.64911	0.32221
0.84296	0.68698
0.90503	0.32785
0.67464	0.38983
0.80957	0.63055
0.78397	0.64151
0.35447	0.44035
0.50646	0.13223
0.58753	0.11406
0.74708	0.11184
0.62240	0.36722
0.92265	0.26030
0.39963	0.51760
0.42554	0.48368
0.70179	0.88827
0.64441	0.74565
0.81061	0.24868
0.46679	0.24328
0.70179	0.88827
0.25118	0.54055
0.66855	0.56972
0.32894	0.29595
0.56963	0.10094
0.35203	0.53185
0.40634	0.50276
0.74814	0.36120
0.39659	0.38526
0.50458	0.84625
0.45305	0.57416
0.43168	0.57196
0.83786	0.49139
0.44386	0.31181
0.35144	0.58226
0.70820	0.88666
0.55947	0.88494
0.88196	0.65677
0.75923	0.37375
0.33231	0.63869
0.42971	0.23210
0.82996	0.39282
0.83042	0.38501
0.40502	0.24755
0.32535	0.56356
0.40324	0.24565
0.39508	0.26823
0.82847	0.39326
0.91647	0.41708
0.31690	0.36179
0.62624	0.42718
0.43731	0.22002
0.91657	0.41588
0.40859	0.24545
0.46035	0.21583
0.39848	0.25495
0.43751	0.22003
0.55156	0.46370
0.79677	0.41626
0.42795	0.23293
0.42822	0.23320
0.81632	0.38158
0.90413	0.39927
0.90998	0.39571
0.90998	0.39571
0.61642	0.12394
0.51681	0.11126
0.59423	0.35939
0.59303	0.35861
0.67237	0.00021
0.63534	0.13822
0.84927	0.61553
0.84173	0.62573
0.81624	0.38160
0.92752	0.65857
0.90400	0.39932
0.90968	0.39666
0.83042	0.38501
0.62570	0.91452
0.86418	0.63989
0.55031	0.46214
0.91311	0.40552
0.88968	0.65855
0.90099	0.40119
0.83042	0.38501
0.64083	0.90699
0.82726	0.38411
0.87289	0.60366
0.81622	0.38203
0.51795	0.11587
0.51840	0.11791
0.62388	0.91017
0.81621	0.38158
0.82730	0.38577
0.90998	0.39571
0.83554	0.75896
0.60460	0.91726
0.64609	0.90282
0.81637	0.38158
0.90056	0.40090
0.60861	0.11252
0.65398	0.00016
0.65398	0.00016
0.63674	0.14006
0.89988	0.40083
0.81637	0.38158
0.79747	0.62817
0.87097	0.58673
0.82052	0.38379
0.60378	0.91658
0.82725	0.38414
0.89183	0.67655
0.65398	0.00016
0.65396	0.00018
0.30073	0.37816
0.65396	0.00018
0.65398	0.00016
0.55771	0.45692
0.60023	0.92997
0.82723	0.38447
0.91082	0.40383
0.90998	0.39571
0.90997	0.39571
0.64078	0.90921
0.52434	0.11518
0.57236	0.15330
0.43206	0.22934
0.30133	0.37697
0.62795	0.14480
0.49929	0.07844
0.60023	0.92997
0.90998	0.39572
0.91119	0.40429
0.60331	0.91705
0.83042	0.38501
0.90998	0.39571
0.48564	0.12857
0.61642	0.12394
0.43280	0.23147
0.43774	0.22134
0.61015	0.11299
0.48564	0.12857
0.64571	0.90360
0.88038	0.64394
0.81518	0.66206
0.60331	0.91705
0.91384	0.40644
0.60798	0.16569
0.31716	0.37390
0.39413	0.25537
0.40189	0.25282
0.65816	0.15386
0.63291	0.13479
0.55121	0.46388
0.91606	0.41286
0.86429	0.60896
0.31597	0.59825
0.48596	0.49048
0.42136	0.62754
0.39917	0.25491
0.40446	0.25054
0.31444	0.59748
0.32394	0.56570
0.28922	0.59887
0.31431	0.61544
0.31911	0.61865
0.42089	0.62638
0.29598	0.60061
0.32004	0.61899
0.28875	0.49481
0.62181	0.20171
0.62793	0.56478
0.89704	0.44464
0.65692	0.72016
0.89376	0.44386
0.59593	0.85684
0.80865	0.49281
0.84423	0.67511
0.67999	0.75762
0.68601	0.28901
0.89704	0.44465
0.56196	0.53089
0.58004	0.05817
0.34452	0.17487
0.63163	0.05193
0.60968	0.55210
0.76578	0.25105
0.76692	0.20442
0.57761	0.89223
0.83220	0.23964
0.76692	0.20442
0.60279	0.56190
0.89673	0.44477
0.88143	0.33089
0.64905	0.12094
0.58035	0.53723
0.71769	0.56439
0.76577	0.25105
0.77200	0.25675
0.81864	0.62180
0.83652	0.47603
0.86634	0.69542
0.57432	0.94454
0.89394	0.44421
0.77170	0.25837
0.50572	0.64360
0.72320	0.56213
0.77425	0.25858
0.76577	0.25104
0.89666	0.65044
0.76692	0.20442
0.76974	0.25863
0.57389	0.94406
0.76577	0.25104
0.77020	0.25860
0.56497	0.52435
0.54127	0.64942
0.44081	0.38825
0.87898	0.66431
0.48092	0.91356
0.65532	0.08141
0.40822	0.65062
0.58049	0.09303
0.87135	0.26608
0.72851	0.63006
0.56160	0.04887
0.42592	0.30945
0.43319	0.19661
0.63547	0.67639
0.52854	0.22487
0.56668	0.05367
0.51889	0.33551
0.26594	0.51237
0.48174	0.29649
0.51457	0.26330
0.92028	0.64458
0.61649	0.49631
0.39452	0.48874
0.58484	0.50943
0.41220	0.53346
0.67750	0.45589
0.89537	0.64092
0.90169	0.68529
0.83832	0.57665
0.89950	0.66173
0.57574	0.66480
0.86687	0.65257
0.60101	0.27851
0.58739	0.66881
0.28099	0.50370
0.48672	0.92391
0.77020	0.25860
0.87843	0.67352
0.57389	0.94406
0.77020	0.25861
0.55098	0.66755
0.44980	0.33287
0.50361	0.64332
0.76702	0.25408
0.67999	0.75762
0.90161	0.57728
0.85743	0.62125
0.39824	0.60422
0.60701	0.54933
0.49734	0.26577
0.42485	0.49298
0.57657	0.87387
0.90013	0.69808
0.88455	0.61257
0.93009	0.59995
0.57642	0.78581
0.54402	0.65033
0.91778	0.69017
0.62379	0.38298
0.34852	0.49148
0.42143	0.48966
0.70823	0.19850
0.41897	0.49154
0.89241	0.34993
0.85077	0.64910
0.64968	0.13609
0.50084	0.38464
0.75347	0.20923
0.32608	0.27447
0.73599	0.40031
0.69399	0.63876
0.78881	0.30699
0.58430	0.87625
0.82707	0.60008
0.75759	0.20825
0.47353	0.39230
0.46254	0.40468
0.73064	0.28396
0.48237	0.67844
0.60307	0.55016
0.76776	0.18030
0.88618	0.32906
0.77048	0.22452
0.90083	0.39185
0.89253	0.33481
0.44677	0.90834
0.84822	0.35949
0.78963	0.22859
0.72834	0.85670
0.89164	0.62356
0.71365	0.88863
0.72834	0.85670
0.78964	0.22859
0.84823	0.35941
0.48371	0.91270
0.49188	0.93178
0.79134	0.20309
0.31071	0.30558
0.76213	0.24697
0.77034	0.22299
0.91649	0.58554
0.80786	0.65075
0.59555	0.10242
0.76714	0.21456
0.77650	0.71886
0.32822	0.28932
0.71615	0.76371
0.50510	0.20058
0.78932	0.50856
0.84835	0.36045
0.56857	0.06437
0.57154	0.06911
0.84820	0.35930
0.34407	0.47457
0.84224	0.59762
0.76699	0.20645
0.80572	0.33633
0.86630	0.65918
0.85519	0.66418
0.62902	0.12080
0.56225	0.55258
0.89496	0.34421
0.71898	0.89154
0.61126	0.31290
0.61213	0.31131
0.89484	0.34702
0.76471	0.91211
0.84076	0.65431
0.33382	0.41912
0.34212	0.19178
0.34144	0.19514
0.58431	0.87627
0.72834	0.85670
0.53705	0.70864
0.59837	0.61569
0.47613	0.91377
0.77305	0.22938
0.76471	0.91211
0.76690	0.20653
0.61413	0.31046
0.32549	0.35899
0.76691	0.20651
0.85648	0.64884
0.76893	0.48297
0.39308	0.87530
0.64964	0.44979
0.89175	0.36709
0.49100	0.93084
0.50376	0.19986
0.84194	0.64535
0.76916	0.31694
0.55983	0.54660
0.70800	0.18070
0.48748	0.20094
0.89175	0.36709
0.89175	0.36709
0.83411	0.43478
0.48818	0.41413
0.44379	0.40490
0.75940	0.20785
0.89155	0.35806
0.38435	0.32038
0.39751	0.50431
0.41128	0.44402
0.67770	0.11079
0.48758	0.23111
0.49555	0.23613
0.42662	0.49725
0.89087	0.36027
0.76640	0.20663
0.74169	0.14453
0.41963	0.50055
0.55623	0.55922
0.89145	0.35884
0.43592	0.88020
0.84724	0.66125
0.84810	0.66120
0.62214	0.20203
0.84033	0.65362
0.43590	0.88015
0.43577	0.88073
0.42467	0.88646
0.85320	0.64969
0.70575	0.25676
0.62214	0.20203
0.62214	0.20203
0.70536	0.25655
0.79907	0.35719
0.82451	0.36119
0.85145	0.66362
0.80093	0.35871
0.62223	0.20241
0.62223	0.20241
0.37299	0.37965
0.79953	0.35837
0.26903	0.45407
0.82226	0.44792
0.35637	0.23864
0.39555	0.17864
0.80328	0.36459
0.38735	0.58988
0.34624	0.23046
0.34592	0.18856
0.34547	0.18894
0.80299	0.36377
0.62223	0.20241
0.36538	0.26120
0.32455	0.33472
0.36638	0.36067
0.50197	0.58784
0.70595	0.25682
0.79995	0.35751
0.70567	0.25674
0.50245	0.30299
0.36118	0.24606
0.38649	0.58836
0.70568	0.25673
0.43552	0.88074
0.42548	0.49477
0.73739	0.27093
0.61462	0.91668
0.65134	0.79919
0.82449	0.36118
0.73797	0.27128
0.85514	0.66395
0.64053	0.89800
0.71098	0.88879
0.54460	0.91110
0.49796	0.24595
0.54439	0.91166
0.57847	0.91272
0.43626	0.88062
0.54008	0.92180
0.48342	0.82506
0.47278	0.91661
0.46054	0.91360
0.92038	0.15392
0.93595	0.16192
0.48318	0.91951
0.72544	0.76595
0.44420	0.61913
0.67022	0.84337
0.88932	0.69163
0.67664	0.73609
0.66802	0.60348
0.94862	0.19711
0.87179	0.27184
0.54388	0.11554
0.86261	0.65127
0.58366	0.57303
0.65925	0.75007
0.83020	0.61244
0.72795	0.77587
0.56444	0.64442
0.65628	0.50723
0.51607	0.03862
0.86424	0.25660
0.60435	0.80217
0.56051	0.46792
0.86812	0.64791
0.66195	0.56053
0.85777	0.25011
0.54061	0.71304
0.66080	0.75888
0.61475	0.58945
0.92511	0.19630
0.52615	0.21698
0.44432	0.90715
0.43218	0.35908
0.64969	0.34903
0.55838	0.46647
0.91231	0.13515
0.23695	0.51559
0.63728	0.50265
0.56362	0.05023
0.45580	0.41928
0.45418	0.34941
0.58522	0.64489
0.39733	0.34526
0.63841	0.60814
0.66495	0.45422
0.49758	0.38610
0.74098	0.28101
0.63650	0.52755
0.46914	0.58594
0.58339	0.57529
0.83715	0.65439
0.49146	0.28995
0.79877	0.41507
0.91410	0.13561
0.45756	0.43144
0.92603	0.20756
0.79878	0.41507
0.79925	0.41476
0.74365	0.14227
0.48908	0.82529
0.92420	0.19354
0.93289	0.16413
0.88419	0.47366
0.79924	0.41477
0.88448	0.47405
0.92559	0.21514
0.25073	0.51606
0.93451	0.16276
0.88448	0.47405
0.56878	0.30920
0.47968	0.29541
0.57356	0.31706
0.47606	0.30572
0.44463	0.62710
0.71759	0.80089
0.22474	0.52689
0.80618	0.70928
0.84393	0.66002
0.48250	0.52475
0.60403	0.24387
0.63532	0.38563
0.60936	0.09252
0.43211	0.95894
0.38762	0.82132
0.28296	0.35355
0.48987	0.52351
0.38102	0.17647
0.83869	0.65461
0.71759	0.80089
0.50919	0.26190
0.36918	0.19620
0.61042	0.23911
0.33714	0.19796
0.54097	0.42827
0.69480	0.64119
0.47711	0.30603
0.59835	0.21999
0.60840	0.86139
0.43586	0.47717
0.71717	0.80520
0.72164	0.80827
0.59828	0.22006
0.55352	0.53367
0.31748	0.28714
0.42183	0.57875
0.33807	0.38727
0.51804	0.19864
0.55167	0.33395
0.49090	0.52418
0.66028	0.49331
0.89331	0.16641
0.89331	0.16641
0.88257	0.33978
0.55133	0.33478
0.49123	0.28959
0.39863	0.49388
0.40411	0.38366
0.79643	0.41656
0.67088	0.24901
0.87550	0.31936
0.43651	0.26208
0.54297	0.75288
0.26936	0.51243
0.52052	0.24090
0.43614	0.26198
0.51045	0.26085
0.68230	0.14430
0.40229	0.16295
0.58851	0.66791
0.74279	0.13832
0.81060	0.25202
0.64375	0.68169
0.44411	0.30835
0.53586	0.22478
0.49499	0.26563
0.69969	0.32870
0.47552	0.29437
0.62267	0.28049
0.52998	0.50674
0.39159	0.62929
0.56513	0.25623
0.41085	0.59782
0.45330	0.65192
0.54716	0.23268
0.89598	0.36560
0.51786	0.53197
0.68321	0.12004
0.40270	0.52228
0.50190	0.66286
0.43998	0.37267
0.68736	0.13345
0.53593	0.26255
0.91613	0.42180
0.88643	0.16920
0.68514	0.16908
0.54066	0.20699
0.46979	0.20752
0.63746	0.61343
0.48693	0.64544
0.71808	0.40678
0.39169	0.62921
0.54667	0.07009
0.64890	0.30021
0.74380	0.12681
0.59997	0.24480
0.88550	0.12937
0.91429	0.17785
0.60815	0.30719
0.39029	0.18914
0.61425	0.60737
0.62850	0.61879
0.60882	0.55278
0.44762	0.47616
0.47979	0.29234
0.44801	0.30916
0.86729	0.15317
0.61621	0.10568
0.46179	0.28844
0.58093	0.26043
0.48915	0.30656
0.54240	0.74884
0.80620	0.44370
0.79990	0.45716
0.68522	0.16900
0.53934	0.22936
0.55346	0.22595
0.79387	0.34505
0.88750	0.68123
0.56640	0.07706
0.58094	0.26042
0.34911	0.23692
0.67095	0.24892
0.89622	0.32073
0.80477	0.46212
0.63076	0.57601
0.72907	0.23299
0.74369	0.12754
0.34779	0.18274
0.52016	0.18965
0.60154	0.05962
0.60360	0.11213
0.49431	0.10290
0.59110	0.10041
0.41439	0.45111
0.74369	0.12754
0.60189	0.81187
0.88552	0.12933
0.79701	0.60782
0.88254	0.64454
0.46397	0.27710
0.87364	0.23694
0.51480	0.03932
0.68062	0.10476
0.69393	0.40234
0.49725	0.09128
0.56468	0.07853
0.54434	0.22829
0.52568	0.11242
0.48919	0.30605
0.80301	0.45446
0.89642	0.67053
0.70156	0.75099
0.81153	0.44114
0.56267	0.24638
0.72809	0.62989
0.40801	0.20800
0.56422	0.07226
0.63418	0.05813
0.54381	0.46816
0.83346	0.75466
0.61945	0.60975
0.79626	0.45974
0.74991	0.48264
0.48280	0.67947
0.64635	0.44127
0.74828	0.48365
0.74658	0.48627
0.78030	0.35954
0.78331	0.35793
0.87664	0.63489
0.84380	0.28589
0.88237	0.53637
0.81218	0.42811
0.45831	0.61989
0.57778	0.53983
0.71337	0.37384
0.40630	0.50037
0.88150	0.37499
0.89642	0.67053
0.63076	0.81028
0.49768	0.27015
0.66504	0.53557
0.39009	0.60270
0.76309	0.82437
0.47752	0.66284
0.89537	0.17812
0.52803	0.38870
0.86475	0.62404
0.87257	0.37493
0.86385	0.71047
0.62761	0.55476
0.89946	0.59208
0.62952	0.55220
0.79133	0.73754
0.73352	0.82425
0.60251	0.87441
0.72859	0.85372
0.81270	0.43215
0.80240	0.69787
0.79468	0.51098
0.79133	0.73754
0.85906	0.68261
0.73930	0.18162
0.74692	0.35377
0.86511	0.67696
0.90783	0.63968
0.50996	0.64392
0.86460	0.77575
0.78569	0.69300
0.74404	0.50552
0.80470	0.32082
0.90143	0.34987
0.89220	0.18024
0.85586	0.35311
0.81336	0.42971
0.89647	0.32315
0.58526	0.54215
0.82568	0.34512
0.76756	0.50248
0.88236	0.53637
0.78207	0.35914
0.79133	0.73821
0.37411	0.45052
0.74829	0.53303
0.77232	0.50995
0.57641	0.74913
0.76649	0.78025
0.87211	0.76052
0.58442	0.53970
0.43575	0.47545
0.58709	0.28031
0.61668	0.10354
0.52246	0.23917
0.64834	0.45134
0.52560	0.19978
0.66372	0.47607
0.58695	0.64251
0.53839	0.76602
0.53074	0.19808
0.53103	0.28844
0.39656	0.39461
0.57023	0.84638
0.69878	0.22564
0.95542	0.19075
0.70546	0.47316
0.49060	0.27793
0.41339	0.35481
0.65257	0.37933
0.47391	0.37126
0.54589	0.76487
0.95583	0.19024
0.66469	0.64037
0.41436	0.35715
0.48532	0.33538
0.54525	0.76467
0.73527	0.29726
0.92555	0.17585
0.92565	0.17592
0.45488	0.35260
0.45604	0.35115
0.70546	0.47315
0.73538	0.29754
0.54242	0.15303
0.30381	0.43246
0.92573	0.21263
0.91783	0.18125
0.92565	0.17592
0.50001	0.38128
0.64161	0.37553
0.62983	0.39690
0.92565	0.17592
0.65800	0.36884
0.91778	0.18088
0.92577	0.21267
0.75496	0.32081
0.92614	0.20804
0.92027	0.20979
0.85699	0.59590
0.92576	0.21262
0.92628	0.20759
0.92028	0.20979
0.92637	0.20714
0.63353	0.50334
0.43549	0.60307
0.92565	0.17592
0.40400	0.37479
0.92637	0.20715
0.70150	0.08104
0.95561	0.19146
0.95270	0.19445
0.50614	0.66499
0.71921	0.04935
0.95270	0.19445
0.95230	0.19486
0.61545	0.23644
0.95147	0.19583
0.54432	0.58882
0.30929	0.43222
0.52493	0.60203
0.39972	0.64544
0.32044	0.18936
0.95234	0.19487
0.95259	0.19449
0.69878	0.22564
0.37072	0.44977
0.86463	0.64076
0.91193	0.69528
0.50205	0.38211
0.49998	0.37473
0.86682	0.65257
0.93474	0.67878
0.66620	0.45562
0.67390	0.52251
0.44230	0.39346
0.65843	0.36778
0.43775	0.55846
0.56400	0.07061
0.84521	0.62492
0.71904	0.86059
0.29465	0.56462
0.41045	0.42245
0.45634	0.30081
0.65941	0.59490
0.71323	0.86037
0.43031	0.50118
0.27264	0.56756
0.61326	0.23726
0.61799	0.48695
0.27262	0.56755
0.38596	0.86452
0.59183	0.05271
0.70404	0.25508
0.65718	0.41695
0.76935	0.33842
0.76935	0.33841
0.54356	0.16437
0.66865	0.45619
0.57090	0.28056
0.34510	0.18340
0.53507	0.44720
0.82191	0.65764
0.81071	0.59200
0.81871	0.59691
0.58736	0.63755
0.64820	0.40939
0.89782	0.32501
0.80975	0.19222
0.81808	0.49457
0.61445	0.55472
0.84930	0.57425
0.68870	0.86770
0.57367	0.27644
0.64194	0.34913
0.74998	0.50554
0.80973	0.19220
0.89771	0.32464
0.80991	0.19209
0.90028	0.33979
0.69857	0.54928
0.71365	0.16788
0.80852	0.19075
0.83534	0.68634
0.82659	0.64340
0.80851	0.19058
0.73434	0.04666
0.75244	0.51430
0.32377	0.24149
0.86907	0.28440
0.87068	0.39901
0.85382	0.20577
0.34364	0.18825
0.36824	0.58270
0.39106	0.47136
0.62976	0.56584
0.46258	0.36514
0.88887	0.70757
0.77529	0.79500
0.79005	0.20784
0.58127	0.66735
0.71403	0.46386
0.44114	0.96125
0.69705	0.54971
0.58850	0.82065
0.89106	0.28052
0.87071	0.39901
0.86946	0.28089
0.85404	0.20561
0.68940	0.92473
0.69311	0.47042
0.41845	0.38897
0.80855	0.19101
0.87304	0.70193
0.69345	0.32149
0.62115	0.56991
0.39536	0.47180
0.82968	0.47540
0.80925	0.30446
0.55738	0.43264
0.59413	0.92834
0.82463	0.24457
0.84207	0.68374
0.76576	0.79160
0.50071	0.66333
0.86752	0.28717
0.85400	0.20570
0.73865	0.13702
0.61663	0.92370
0.85340	0.20598
0.83131	0.71045
0.80055	0.65674
0.47496	0.39688
0.69373	0.10489
0.85408	0.20558
0.89592	0.34001
0.69389	0.63858
0.69954	0.14397
0.79553	0.17455
0.83287	0.60250
0.79553	0.17455
0.74354	0.82729
0.63180	0.56885
0.87982	0.26989
0.72797	0.38325
0.64045	0.59081
0.68949	0.75251
0.58848	0.90611
0.58782	0.90634
0.82393	0.68342
0.59914	0.06009
0.63451	0.57035
0.46718	0.44768
0.52025	0.65254
0.56322	0.43211
0.53930	0.72868
0.56225	0.23695
0.69776	0.32833
0.47703	0.64716
0.62954	0.45664
0.50053	0.25957
0.47067	0.78496
0.31632	0.33498
0.52498	0.60138
0.86307	0.23843
0.61451	0.08237
0.71627	0.39709
0.82052	0.70958
0.62889	0.38354
0.65522	0.87583
0.53711	0.19608
0.62876	0.08053
0.53541	0.70810
0.33368	0.20230
0.53874	0.35354
0.52812	0.19810
0.62079	0.49970
0.61615	0.23567
0.61634	0.48153
0.89715	0.64339
0.50764	0.64498
0.62560	0.42516
0.36748	0.56535
0.35423	0.43790
0.44191	0.44074
0.60058	0.59031
0.82584	0.23993
0.74432	0.14366
0.85067	0.65177
0.81266	0.72793
0.82580	0.24013
0.84783	0.24380
0.78132	0.19789
0.82438	0.23735
0.75425	0.56934
0.40049	0.64682
0.34791	0.26863
0.91282	0.39025
0.77362	0.18397
0.81266	0.72793
0.84786	0.24618
0.84770	0.24401
0.84283	0.63859
0.77665	0.20012
0.73621	0.40139
0.88119	0.34341
0.64033	0.68205
0.46608	0.37622
0.88726	0.32915
0.59572	0.10713
0.77491	0.18854
0.82438	0.23735
0.82574	0.23980
0.67943	0.10116
0.67636	0.09491
0.48437	0.64601
0.64118	0.55601
0.89668	0.33170
0.67900	0.09823
0.57485	0.25270
0.88259	0.33356
0.54478	0.43486
0.34756	0.48735
0.77540	0.18597
0.70893	0.50592
0.56405	0.45123
0.85043	0.65327
0.70616	0.10240
0.71315	0.46700
0.67595	0.09461
0.89668	0.33170
0.89704	0.33698
0.92028	0.15243
0.68007	0.58988
0.67798	0.58859
0.92635	0.16645
0.74119	0.14757
0.55549	0.42674
0.33024	0.18652
0.83212	0.28904
0.59093	0.90395
0.85665	0.66344
0.84882	0.63833
0.88553	0.47343
0.35393	0.43746
0.76411	0.19658
0.77880	0.51702
0.71908	0.13582
0.75881	0.51366
0.67593	0.58721
0.76934	0.18379
0.49170	0.21541
0.76349	0.19611
0.77597	0.19956
0.78281	0.48405
0.77498	0.50491
0.77665	0.20013
0.74119	0.14757
0.49505	0.90185
0.85831	0.65281
0.61789	0.31735
0.83956	0.72718
0.66882	0.45983
0.80745	0.33754
0.74283	0.67683
0.68332	0.43381
0.61240	0.31213
0.69460	0.42548
0.35849	0.55670
0.76911	0.66248
0.72295	0.45275
0.61215	0.55396
0.69524	0.42548
0.68235	0.29011
0.48264	0.90152
0.53904	0.43313
0.69462	0.42575
0.62709	0.49339
0.69522	0.42599
0.85318	0.74402
0.87349	0.75949
0.57787	0.78734
0.51014	0.28274
0.37296	0.79684
0.61133	0.68025
0.85201	0.43217
0.75033	0.64536
0.50143	0.59636
0.71984	0.32258
0.49811	0.47656
0.47242	0.38539
0.89557	0.74936
0.58034	0.75660
0.54735	0.15792
0.58299	0.17253
0.86143	0.77980
0.27937	0.25019
0.35984	0.47379
0.49052	0.23536
0.33297	0.82108
0.82117	0.46852
0.37468	0.19156
0.65200	0.35094
0.52620	0.44547
0.46820	0.27255
0.53778	0.44404
0.63523	0.58584
0.49633	0.22374
0.28388	0.35800
0.67134	0.12439
0.69324	0.13393
0.21456	0.52260
0.53709	0.89000
0.37035	0.82750
0.33781	0.71629
0.51229	0.38231
0.61456	0.92942
0.52686	0.43573
0.51566	0.49141
0.33858	0.79461
0.37609	0.84964
0.72257	0.18824
0.50653	0.20846
0.59913	0.28138
0.56437	0.91752
0.61496	0.38362
0.46540	0.10707
0.68711	0.40632
0.68719	0.40566
0.52596	0.49374
0.37561	0.84687
0.50953	0.78363
0.64736	0.23539
0.41145	0.30408
0.61553	0.84652
0.31130	0.45113
0.55306	0.85070
0.64470	0.08344
0.53590	0.19870
0.84625	0.41016
0.38631	0.86739
0.36675	0.84218
0.50641	0.22870
0.31390	0.75329
0.53271	0.44282
0.53337	0.17728
0.70038	0.78640
0.34827	0.48413
0.27190	0.52916
0.51395	0.30047
0.83077	0.45671
0.53210	0.81795
0.26512	0.40606
0.36083	0.83196
0.57178	0.86155
0.39889	0.33302
0.54433	0.83282
0.48569	0.09790
0.74254	0.67811
0.21172	0.39918
0.62599	0.30398
0.59713	0.05193
0.55896	0.43864
0.83595	0.15358
0.55906	0.44324
0.63208	0.88204
0.80918	0.22199
0.67849	0.35892
0.58649	0.54599
0.68833	0.86634
0.46834	0.26759
0.34473	0.49047
0.59223	0.54896
0.43731	0.61792
0.60082	0.09294
0.54895	0.20368
0.48951	0.59433
0.80665	0.30193
0.38429	0.52019
0.37489	0.51363
0.33814	0.28454
0.65849	0.72502
0.39216	0.60353
0.56772	0.64412
0.39069	0.32644
0.63962	0.75048
0.28945	0.47121
0.71959	0.10733
0.69018	0.52531
0.54523	0.63402
0.42501	0.11251
0.64980	0.86878
0.65937	0.92736
0.89260	0.32739
0.33352	0.63339
0.34521	0.80349
0.29514	0.80217
0.35596	0.64893
0.32226	0.76117
0.35230	0.33191
0.51363	0.11950
0.68199	0.33723
0.52674	0.74829
0.28502	0.52223
0.66813	0.50081
0.37256	0.30072
0.34020	0.76121
0.76498	0.79297
0.75321	0.53092
0.35072	0.32003
0.56444	0.73182
0.82305	0.48468
0.35126	0.79360
0.88739	0.34153
0.70932	0.75315
0.46946	0.53133
0.59058	0.14630
0.42591	0.48027
0.31860	0.81873
0.27797	0.53567
0.35618	0.82630
0.46846	0.41796
0.28547	0.38090
0.79644	0.76459
0.85304	0.20483
0.54682	0.61304
0.34702	0.81224
0.76477	0.52223
0.36021	0.84280
0.49624	0.80401
0.36907	0.83644
0.31399	0.35299
0.36229	0.84606
0.70668	0.31899
0.75008	0.79715
0.31530	0.39967
0.29431	0.57886
0.43572	0.45509
0.50022	0.74001
0.87095	0.76327
0.83628	0.27371
0.34763	0.83163
0.21368	0.53571
0.56640	0.26582
0.32341	0.77540
0.37052	0.49559
0.50776	0.81054
0.50290	0.07820
0.54802	0.64496
0.50557	0.62636
0.30651	0.76730
0.41937	0.52265
0.50948	0.78676
0.31617	0.32538
0.83890	0.30097
0.57374	0.86593
0.30976	0.30170
0.30470	0.81170
0.33269	0.81682
0.58140	0.10269
0.53801	0.53522
0.88000	0.75362
0.90903	0.30202
0.58502	0.59631
0.43071	0.35333
0.47732	0.85077
0.27954	0.59469
0.34585	0.77562
0.60190	0.85609
0.56463	0.54273
0.56877	0.54477
0.59669	0.61521
0.50458	0.84625
0.48732	0.77132
0.36730	0.83707
0.74929	0.37167
0.38546	0.86642
0.45769	0.61845
0.77664	0.51954
0.42178	0.54214
0.41909	0.32089
0.31244	0.76393
0.41791	0.42224
0.34996	0.56866
0.55524	0.37917
0.29975	0.79899
0.53814	0.20073
0.30792	0.79383
0.27663	0.53591
0.64160	0.93636
0.34915	0.34705
0.26682	0.42860
0.64700	0.83331
0.35216	0.82269
0.85399	0.21627
0.55131	0.61816
0.76477	0.52222
0.32472	0.80373
0.49627	0.80398
0.31052	0.75002
0.30425	0.35565
0.31057	0.76139
0.70669	0.31898
0.31809	0.77762
0.38303	0.81683
0.72682	0.12815
0.52269	0.29268
0.31502	0.76967
0.42489	0.63849
0.65524	0.15033
0.52226	0.41601
0.43955	0.57632
0.61265	0.17810
0.56782	0.65115
0.55639	0.56033
0.90903	0.30202
0.56791	0.58665
0.53672	0.37817
0.45639	0.55233
0.35971	0.81307
0.39671	0.82849
0.43692	0.59667
0.43077	0.60315
0.50944	0.71979
0.50458	0.84625
0.56694	0.92150
0.53911	0.16652
0.69987	0.86509
0.65906	0.90668
0.65906	0.90668
0.69987	0.86509
0.66461	0.02799
0.66461	0.02799
0.67284	0.00000
0.81825	0.32777
0.35633	0.80236
0.65972	0.90716
0.81832	0.32772
0.30542	0.75952
0.33064	0.78129
0.35811	0.84229
0.34018	0.22121
0.48837	0.81783
0.33316	0.20279
0.56389	0.86241
0.63827	0.07159
0.27687	0.36732
0.46058	0.63873
0.83955	0.72820
0.82894	0.14900
0.64260	0.36475
0.82729	0.27632
0.66725	0.07292
0.71565	0.40568
0.39898	0.67496
0.47915	0.22194
0.71160	0.65935
0.32359	0.53395
0.64017	0.74474
0.50612	0.62841
0.34486	0.79934
0.53429	0.44626
0.82871	0.42030
0.33058	0.45301
0.35052	0.79292
0.57680	0.06562
0.30812	0.76692
0.42822	0.52737
0.38147	0.44155
0.33833	0.78290
0.34028	0.34120
0.32298	0.76446
0.87884	0.27557
0.35101	0.82469
0.34832	0.80063
0.37832	0.85575
0.32535	0.77348
0.52237	0.76238
0.75119	0.75622
0.31262	0.76525
0.48807	0.35300
0.37308	0.29816
0.64700	0.83331
0.67760	0.65885
0.49904	0.10035
0.76484	0.52218
0.36121	0.80778
0.30800	0.78670
0.33715	0.21510
0.60389	0.15327
0.72635	0.84945
0.55577	0.53838
0.56729	0.83279
0.36063	0.62046
0.37023	0.83222
0.81995	0.49528
0.32047	0.80128
0.58160	0.30212
0.27954	0.59469
0.32924	0.76232
0.43430	0.40249
0.36241	0.84116
0.51661	0.81236
0.33472	0.20775
0.76989	0.61636
0.32705	0.77239
0.75896	0.39809
0.50332	0.27436
0.73206	0.84149
0.32087	0.42623
0.33325	0.49045
0.28919	0.51336
0.84969	0.23590
0.29622	0.39677
0.62354	0.89371
0.35646	0.78517
0.38299	0.31719
0.42956	0.90334
0.93717	0.71462
0.67644	0.03391
0.46554	0.54180
0.68620	0.80290
0.57174	0.23884
0.34996	0.47272
0.86824	0.28414
0.35276	0.18645
0.31439	0.76754
0.57255	0.85807
0.36237	0.19881
0.72518	0.67000
0.64636	0.68688
0.55629	0.09316
0.50097	0.64017
0.42809	0.30041
0.54952	0.20282
0.30494	0.50647
0.65687	0.95320
0.36651	0.38566
0.36870	0.56585
0.74968	0.81356
0.75315	0.53096
0.63610	0.64314
0.44918	0.42371
0.82330	0.48473
0.66810	0.50081
0.52675	0.74830
0.31636	0.76356
0.36555	0.80435
0.62213	0.55832
0.56443	0.73183
0.76465	0.30172
0.31072	0.80172
0.46189	0.83112
0.57614	0.24316
0.25454	0.45936
0.31493	0.22467
0.43727	0.41866
0.80813	0.40376
0.50723	0.09654
0.73629	0.15331
0.38567	0.58784
0.35629	0.81578
0.52172	0.09062
0.63486	0.86088
0.52674	0.74829
0.26110	0.56196
0.42964	0.63818
0.63112	0.80690
0.36407	0.28150
0.63602	0.64351
0.63382	0.38982
0.75309	0.53097
0.49793	0.37132
0.82327	0.48475
0.46893	0.47107
0.66712	0.50123
0.44679	0.61034
0.65078	0.54812
0.33259	0.36755
0.73175	0.40557
0.67996	0.49544
0.79193	0.34012
0.33097	0.82945
0.63055	0.91195
0.33757	0.77419
0.72685	0.14606
0.89330	0.22287
0.83924	0.32122
0.37110	0.85010
0.28259	0.48611
0.43673	0.42499
0.31728	0.48787
0.35814	0.83679
0.58735	0.06049
0.32065	0.46222
0.27576	0.48739
0.41640	0.45646
0.34840	0.17882
0.79555	0.21504
0.96645	0.61189
0.84329	0.45648
0.44962	0.61507
0.60137	0.86020
0.32549	0.82183
0.37045	0.43920
0.33931	0.29801
0.47365	0.08571
0.52311	0.50456
0.44093	0.20543
0.66891	0.88128
0.28248	0.61240
0.72737	0.68816
0.72999	0.68701
0.38956	0.28601
0.60017	0.47645
0.64969	0.82369
0.54026	0.35337
0.83974	0.33871
0.38686	0.23702
0.36225	0.82648
0.74857	0.60879
0.28199	0.31840
0.48857	0.78625
0.61095	0.94311
0.64762	0.13809
0.81140	0.36802
0.35768	0.26001
0.65391	0.86227
0.47538	0.31969
0.68079	0.43393
0.33787	0.59798
0.68351	0.54440
0.81153	0.29508
0.41329	0.24543
0.43844	0.97849
0.60431	0.86092
0.39285	0.53762
0.63392	0.09098
0.37354	0.81281
0.79567	0.51005
0.47794	0.43430
0.35157	0.84546
0.42474	0.49729
0.31064	0.33761
0.31993	0.42599
0.35621	0.50548
0.72622	0.23326
0.58294	0.43920
0.41073	0.20836
0.62382	0.82251
0.38147	0.44155
0.34217	0.82013
0.53769	0.58458
0.31721	0.28627
0.84504	0.19808
0.33458	0.81157
0.33993	0.78299
0.54289	0.05039
0.36919	0.84304
0.27653	0.53319
0.64160	0.93636
0.33601	0.33905
0.35871	0.37362
0.68651	0.67683
0.64700	0.83330
0.67224	0.09387
0.55106	0.61601
0.76477	0.52222
0.34201	0.82918
0.30292	0.77869
0.30425	0.35565
0.70243	0.75466
0.75890	0.30844
0.30732	0.77633
0.47229	0.32091
0.71695	0.85066
0.50413	0.07842
0.84553	0.46756
0.44906	0.68031
0.32967	0.81036
0.32471	0.82659
0.32720	0.79004
0.33691	0.43866
0.29121	0.56410
0.58621	0.83071
0.50311	0.54620
0.51731	0.11342
0.50271	0.33338
0.45155	0.65327
0.65454	0.88338
0.73203	0.55885
0.34907	0.47321
0.37399	0.57951
0.50598	0.28990
0.34622	0.61479
0.87422	0.30562
0.56700	0.36873
0.40129	0.48746
0.53502	0.26206
0.69672	0.47277
0.37487	0.83387
0.39839	0.30757
0.42956	0.90334
0.66984	0.27378
0.71171	0.47307
0.65499	0.93808
0.35276	0.17371
0.46786	0.22798
0.75950	0.82313
0.92486	0.37709
0.48070	0.24945
0.38490	0.57441
0.76286	0.60447
0.43761	0.34001
0.34334	0.62275
0.32205	0.78963
0.45695	0.42752
0.74748	0.56214
0.33396	0.79241
0.34427	0.51929
0.51415	0.13310
0.35719	0.80675
0.40496	0.48826
0.34899	0.78669
0.32723	0.18898
0.31536	0.79112
0.44543	0.60501
0.36003	0.83157
0.41359	0.48549
0.29088	0.33353
0.34634	0.61216
0.83949	0.33306
0.32732	0.80134
0.64904	0.30117
0.27042	0.44427
0.41603	0.61842
0.56630	0.62673
0.37822	0.54475
0.54889	0.35461
0.66329	0.48609
0.49113	0.62157
0.57351	0.15352
0.47489	0.63253
0.89502	0.74959
0.56925	0.46310
0.44842	0.41080
0.88454	0.39552
0.58899	0.84270
0.60537	0.89367
0.59280	0.44234
0.34356	0.78071
0.59369	0.07959
0.38040	0.83851
0.49987	0.59620
0.56638	0.12503
0.32106	0.29504
0.33352	0.75843
0.42940	0.65565
0.60165	0.15594
0.35648	0.65349
0.31723	0.77023
0.35916	0.48863
0.71387	0.84308
0.53663	0.28264
0.48876	0.08558
0.84164	0.46911
0.38529	0.45347
0.39823	0.56461
0.70721	0.49005
0.34080	0.80559
0.48325	0.72547
0.48449	0.64857
0.33681	0.81190
0.31709	0.78629
0.54605	0.07169
0.31363	0.52568
0.41224	0.81089
0.82295	0.48465
0.52645	0.74921
0.31546	0.49904
0.65680	0.95319
0.35531	0.37647
0.30713	0.82000
0.66788	0.50083
0.36018	0.85275
0.35495	0.55503
0.62208	0.55826
0.47445	0.42299
0.75329	0.53088
0.78025	0.20776
0.56472	0.73145
0.71548	0.05433
0.40587	0.29576
0.35416	0.80950
0.52648	0.74887
0.24416	0.57317
0.63101	0.80701
0.63108	0.40159
0.81189	0.44615
0.33670	0.79622
0.75315	0.53099
0.58845	0.69427
0.50834	0.35231
0.82296	0.48475
0.66807	0.50079
0.34281	0.83830
0.32504	0.80447
0.36392	0.81951
0.61163	0.52991
0.56445	0.73178
0.76265	0.29511
0.36211	0.79639
0.75120	0.75622
0.64160	0.93637
0.41685	0.45361
0.26626	0.42667
0.32480	0.76521
0.79035	0.14109
0.34893	0.26842
0.76477	0.52222
0.36311	0.83507
0.49624	0.80402
0.32602	0.78050
0.30230	0.33130
0.35007	0.81481
0.50941	0.12405
0.54176	0.45241
0.64711	0.76471
0.62624	0.31687
0.89131	0.30618
0.31267	0.80791
0.33592	0.50209
0.29647	0.46749
0.60464	0.14098
0.60630	0.44951
0.78586	0.48886
0.68359	0.11076
0.63010	0.71835
0.82967	0.14942
0.31833	0.77537
0.32755	0.79379
0.35397	0.43483
0.30656	0.76874
0.97089	0.62926
0.55473	0.44957
0.34222	0.84448
0.56828	0.11450
0.41389	0.34373
0.59687	0.16668
0.80369	0.33936
0.51701	0.31469
0.58199	0.32608
0.72459	0.45008
0.82166	0.51917
0.29821	0.79031
0.77130	0.82712
0.79833	0.13649
0.38200	0.65163
0.31514	0.81255
0.30148	0.54653
0.46540	0.10707
0.74373	0.55594
0.76406	0.77765
0.27431	0.34023
0.26002	0.36453
0.32743	0.78968
0.33737	0.78863
0.80173	0.45724
0.32205	0.77817
0.55641	0.49492
0.35535	0.83720
0.65226	0.46229
0.46634	0.58746
0.48698	0.11023
0.26391	0.46061
0.73502	0.83459
0.48254	0.07636
0.83799	0.43374
0.41643	0.47322
0.41409	0.49732
0.68779	0.50783
0.70396	0.84559
0.53142	0.17350
0.56109	0.18043
0.73010	0.82795
0.80430	0.80019
0.35484	0.66213
0.48460	0.09176
0.83955	0.44067
0.37106	0.84564
0.42957	0.90334
0.38059	0.34389
0.43089	0.60709
0.32910	0.55624
0.76706	0.31543
0.45784	0.51484
0.64034	0.74783
0.49491	0.33714
0.30777	0.61884
0.54705	0.58974
0.76047	0.38814
0.18951	0.51721
0.72881	0.81400
0.29399	0.78013
0.27542	0.36534
0.36136	0.44539
0.51052	0.12706
0.64709	0.57095
0.70828	0.88662
0.43605	0.40072
0.50458	0.84625
0.74814	0.36121
0.42441	0.57104
0.59569	0.31030
0.52839	0.56128
0.83787	0.49139
0.35145	0.58226
0.44801	0.40501
0.56710	0.53762
0.55948	0.88494
0.34521	0.84593
0.32613	0.75451
0.64223	0.13990
0.52630	0.45989
0.75632	0.60733
0.34036	0.81399
0.45300	0.25873
0.64289	0.60480
0.42701	0.41876
0.37631	0.60153
0.46634	0.20685
0.28173	0.74785
0.47885	0.08561
0.64899	0.23920
0.41296	0.34399
0.33781	0.71629
0.57661	0.63499
0.22570	0.44613
0.64886	0.23920
0.32661	0.79056
0.76793	0.46301
0.41044	0.27569
0.55040	0.30275
0.31472	0.80104
0.46635	0.20684
0.50819	0.45057
0.24903	0.53264
0.46946	0.11152
0.73001	0.28669
0.64911	0.23944
0.33238	0.83816
0.33870	0.72240
0.48511	0.09295
0.60150	0.87721
0.48092	0.91759
0.37546	0.83404
0.71669	0.76845
0.64700	0.26015
0.83106	0.24055
0.52583	0.64189
0.33653	0.28210
0.33736	0.21572
0.35544	0.61980
0.40827	0.86053
0.72367	0.21444
0.26407	0.36951
0.83590	0.43090
0.33373	0.78428
0.59313	0.84652
0.34026	0.22382
0.31365	0.58346
0.32784	0.43874
0.47612	0.64925
0.91887	0.32849
0.32264	0.81221
0.38204	0.47156
0.50172	0.81720
0.49310	0.08826
0.30644	0.75878
0.36876	0.84548
0.31393	0.77367
0.33996	0.81598
0.34571	0.82245
0.36077	0.80830
0.35301	0.77784
0.30796	0.78697
0.34186	0.80293
0.32439	0.78835
0.44073	0.56754
0.32894	0.76621
0.23439	0.53964
0.34105	0.76829
0.33923	0.83599
0.50980	0.83069
0.30902	0.79734
0.51332	0.13327
0.69966	0.82712
0.68431	0.71956
0.64911	0.32221
0.33744	0.79857
0.90503	0.32785
0.67464	0.38983
0.31887	0.79413
0.49764	0.20350
0.35671	0.81739
0.35447	0.44035
0.50646	0.13223
0.74708	0.11184
0.62239	0.36722
0.92265	0.26030
0.58753	0.11406
0.39963	0.51760
0.64442	0.74565
0.42554	0.48368
0.70179	0.88827
0.81061	0.24867
0.46679	0.24328
0.32893	0.29594
0.66854	0.56971
0.25118	0.54055
0.70179	0.88828
0.56963	0.10094
0.55573	0.24111
0.60502	0.79741
0.29985	0.59106
0.45926	0.62292
0.31477	0.77310
0.91089	0.35489
0.74230	0.63786
0.37104	0.81631
0.33066	0.77401
0.51474	0.76416
0.33894	0.62164
0.56129	0.07581
0.74814	0.36121
0.70821	0.88666
0.39657	0.38526
0.50458	0.84625
0.83787	0.49140
0.43168	0.57196
0.44386	0.31181
0.35137	0.58226
0.35202	0.53185
0.40633	0.50277
0.45303	0.57416
0.55948	0.88494
0.32687	0.79093
0.75923	0.37375
0.66279	0.72270
0.62174	0.55764
0.70405	0.51902
0.63741	0.61023
0.62315	0.56136
0.70424	0.51637
0.73226	0.54168
0.70502	0.51742
0.70566	0.51914
0.72521	0.79547
0.72478	0.80029
0.72533	0.79262
0.71961	0.78512
0.71666	0.79660
0.71548	0.79756
0.67850	0.83005
0.76519	0.15964
0.76494	0.15931
0.58545	0.84957
0.76252	0.15794
0.58487	0.85003
0.57811	0.86835
0.63027	0.12617
0.74311	0.23557
0.57812	0.86839
0.68545	0.84406
0.67357	0.12566
0.57411	0.66344
0.77821	0.48218
0.88385	0.33323
0.57596	0.66342
0.88571	0.33064
0.57343	0.66362
0.77836	0.48156
0.40066	0.60457
0.64034	0.09534
0.85353	0.47790
0.86257	0.46938
0.50143	0.81599
0.41959	0.24118
0.63015	0.66201
0.50759	0.62230
0.74919	0.64155
0.49109	0.56188
0.61023	0.84162
0.52639	0.17723
0.04528	0.61088
0.63295	0.05446
0.44961	0.65890
0.04061	0.57712
0.02400	0.55184
0.03678	0.63457
0.51076	0.77957
0.01426	0.53846
0.48489	0.91247
0.33377	0.42295
0.70878	0.54601
0.01493	0.53970
0.52736	0.06396
0.03578	0.58777
0.02802	0.55823
0.69054	0.71117
0.73301	0.19371
0.54153	0.71342
0.51931	0.49051
0.49279	0.31234
0.73483	0.19749
0.50481	0.80111
0.73265	0.19422
0.76602	0.13835
0.73244	0.19412
0.45432	0.28790
0.41791	0.99931
0.45454	0.30181
0.71421	0.16846
0.54855	0.59060
0.46936	0.80428
0.51608	0.11781
0.65374	0.07892
0.65254	0.87012
0.91526	0.36882
0.48264	0.50605
0.26506	0.40780
0.79308	0.33286
0.44738	0.19087
0.54372	0.23547
0.59343	0.92587
0.96032	0.53520
0.86078	0.23930
0.60015	0.10641
0.41615	0.99996
0.48704	0.59026
0.46866	0.80029
0.33846	0.33938
0.03432	0.59897
0.04364	0.63065
0.71260	0.54670
0.33173	0.42031
0.52737	0.06396
0.64736	0.56695
0.75088	0.36509
0.53200	0.73899
0.03539	0.57193
0.04759	0.61340
0.54794	0.87801
0.03229	0.62236
0.05292	0.61061
0.58059	0.66023
0.31949	0.18980
0.61139	0.73660
0.50522	0.79549
0.44655	0.38890
0.59726	0.25073
0.44717	0.38946
0.07897	0.62745
0.29029	0.36889
0.40754	0.34445
0.57452	0.31844
0.03614	0.57294
0.60755	0.63548
0.72920	0.84482
0.67515	0.31842
0.37404	0.27075
0.05129	0.60761
0.60191	0.85259
0.75627	0.15654
0.43262	0.49867
0.85555	0.47418
0.86972	0.26553
0.63144	0.38630
0.68884	0.15453
0.44754	0.29358
0.05240	0.60882
0.00183	0.60976
0.63979	0.74478
0.54974	0.54328
0.00183	0.60976
0.03371	0.61142
0.71575	0.79640
0.04946	0.60678
0.42795	0.33886
0.03105	0.56854
0.00183	0.60976
0.01900	0.54478
0.01949	0.54570
0.29438	0.48669
0.59569	0.05904
0.40117	0.16626
0.76048	0.86374
0.58668	0.83307
0.38158	0.27392
0.03704	0.58539
0.02837	0.56071
0.41630	0.35810
0.04524	0.60923
0.85309	0.48181
0.70481	0.29826
0.80270	0.49629
0.61937	0.11765
0.91882	0.32890
0.35527	0.43527
0.72760	0.84831
0.05021	0.61358
0.68009	0.35837
0.24907	0.46893
0.55591	0.52024
0.97083	0.62891
0.61072	0.54471
0.57476	0.86425
0.73055	0.50988
0.43869	0.60591
0.67928	0.85671
0.78251	0.27759
0.42671	0.99377
0.36445	0.36564
0.36909	0.36597
0.43121	0.99376
0.55831	0.42178
0.55831	0.42178
0.77813	0.12590
0.46462	0.80381
0.34967	0.46793
0.34916	0.48756
0.03561	0.64134
0.86899	0.26901
0.24331	0.57394
0.85219	0.48288
0.03840	0.58364
0.39523	0.49525
0.76208	0.86404
0.32061	0.57715
0.32676	0.58013
0.33294	0.44923
0.49371	0.56646
0.03170	0.59121
0.21868	0.78001
0.03633	0.64866
0.04754	0.60726
0.01019	0.59470
0.00988	0.53358
0.02644	0.55789
0.01704	0.54197
0.88180	0.72491
0.65748	0.08277
0.05015	0.60697
0.69137	0.86557
0.81115	0.50446
0.05266	0.60948
0.40722	0.34671
0.22829	0.51051
0.00193	0.60922
0.45475	0.31452
0.62305	0.11423
0.67105	0.82445
0.30055	0.34028
0.05118	0.60765
0.47086	0.54604
0.49294	0.56403
0.74053	0.25477
0.68574	0.28876
0.76130	0.86389
0.27806	0.35620
0.01017	0.53390
0.31802	0.40115
0.47806	0.66700
0.72586	0.54312
0.51665	0.03850
0.02523	0.55415
0.89795	0.37635
0.53755	0.62545
0.69273	0.30710
0.46881	0.54743
0.65430	0.86928
0.49194	0.83645
0.55554	0.27707
0.94838	0.37115
0.83675	0.27237
0.42990	0.99435
0.50400	0.30670
0.71738	0.76768
0.48765	0.38955
0.81106	0.33858
0.39136	0.35684
0.58004	0.91386
0.46381	0.49258
0.96059	0.53480
0.46857	0.80024
0.42803	0.99292
0.46516	0.34326
0.39130	0.35605
0.85932	0.24136
0.42768	0.99200
0.79305	0.33287
0.01658	0.54252
0.90508	0.50856
0.77092	0.48424
0.72819	0.23578
0.38764	0.79901
0.72385	0.33468
0.76396	0.81543
0.00000	0.57430
0.58670	0.38971
0.68991	0.92426
0.50469	0.79725
0.03658	0.58704
0.02143	0.54407
0.04522	0.60926
0.29988	0.37410
0.42960	0.90337
0.35162	0.61794
0.74893	0.85580
0.44114	0.27783
0.65574	0.74328
0.27858	0.52472
0.30117	0.37308
0.03676	0.58794
0.80039	0.50577
0.63545	0.09523
0.57122	0.30569
0.63477	0.09446
0.97060	0.62816
0.04611	0.58862
0.33267	0.63923
0.45657	0.60698
0.79171	0.68944
0.89750	0.32723
0.57620	0.65565
0.03933	0.56734
0.22731	0.50943
0.69102	0.31526
0.64283	0.61628
0.90362	0.50388
0.04031	0.63265
0.85865	0.38167
0.77385	0.71625
0.03558	0.64409
0.73295	0.55780
0.05196	0.61261
0.52321	0.24271
0.69079	0.12301
0.61403	0.55591
0.57585	0.66363
0.03616	0.64741
0.29490	0.54322
0.21868	0.78005
0.32515	0.34330
0.55609	0.55997
0.64719	0.44193
0.49342	0.58109
0.77659	0.46511
0.46377	0.84634
0.79995	0.13993
0.51624	0.84686
0.27526	0.74642
0.60816	0.59764
0.25973	0.36531
0.51881	0.50701
0.61661	0.90761
0.92203	0.34809
0.28880	0.50342
0.48721	0.30714
0.78477	0.49579
0.66044	0.85891
0.66529	0.54605
0.80888	0.30967
0.48002	0.79906
0.66295	0.04318
0.65700	0.54322
0.66258	0.04477
0.33307	0.44940
0.59195	0.05546
0.58667	0.83306
0.48186	0.54866
0.03697	0.58417
0.03902	0.57524
0.33072	0.28290
0.76155	0.86408
0.05224	0.61217
0.62483	0.60964
0.39773	0.44862
0.87017	0.28518
0.01281	0.53656
0.42555	0.53459
0.75665	0.17013
0.70944	0.50452
0.04574	0.58824
0.74672	0.37692
0.46221	0.54855
0.58879	0.20065
0.43440	0.99582
0.59441	0.84955
0.37009	0.49000
0.43162	0.99546
0.36785	0.47769
0.35176	0.53665
0.46878	0.80013
0.41509	0.34862
0.58088	0.84371
0.43728	0.28265
0.69962	0.87443
0.60029	0.11921
0.58501	0.07671
0.56369	0.67324
0.00987	0.53396
0.43063	0.89075
0.69137	0.86555
0.62305	0.11423
0.82793	0.50118
0.05251	0.61158
0.42177	0.50966
0.45749	0.60335
0.60168	0.38649
0.54026	0.37386
0.43520	0.99534
0.50357	0.30713
0.49195	0.83646
0.55661	0.27739
0.32823	0.34515
0.41755	0.99957
0.48867	0.38988
0.52086	0.76715
0.41362	0.24860
0.32282	0.18112
0.39136	0.35684
0.79105	0.51743
0.41681	0.99969
0.83746	0.26683
0.94846	0.37128
0.65453	0.86921
0.50482	0.80110
0.83377	0.75507
0.73302	0.19374
0.53701	0.22240
0.73244	0.19412
0.58577	0.09600
0.61371	0.17891
0.59635	0.25002
0.52637	0.18994
0.47216	0.28309
0.33817	0.34622
0.29417	0.48716
0.28546	0.51166
0.02559	0.55349
0.65456	0.79997
0.04530	0.61087
0.88546	0.27947
0.64384	0.87330
0.59363	0.07602
0.50143	0.81599
0.05085	0.60721
0.47787	0.66599
0.52429	0.19324
0.41776	0.38832
0.78238	0.69442
0.41085	0.30305
0.53691	0.35028
0.39786	0.44859
0.33856	0.21739
0.67907	0.87364
0.69137	0.86557
0.03166	0.56547
0.21868	0.78001
0.82020	0.50075
0.02458	0.55147
0.02449	0.55202
0.59247	0.93291
0.85656	0.47774
0.04504	0.60954
0.03575	0.64152
0.58945	0.60578
0.55953	0.27084
0.61361	0.58778
0.59125	0.52475
0.59013	0.28037
0.55032	0.22868
0.73248	0.19460
0.70376	0.10179
0.43687	0.58081
0.67580	0.30269
0.60029	0.11921
0.87191	0.26797
0.58501	0.07671
0.58879	0.20066
0.69963	0.87448
0.56370	0.67324
0.41572	0.99999
0.46879	0.80014
0.32731	0.20167
0.40754	0.32119
0.84617	0.26005
0.42440	0.99757
0.42873	0.99401
0.59487	0.84952
0.54993	0.28944
0.91533	0.36871
0.71460	0.16867
0.35917	0.59210
0.48248	0.50633
0.66459	0.53510
0.31501	0.42655
0.66803	0.45946
0.62755	0.39289
0.35162	0.17498
0.55726	0.42720
0.46960	0.80400
0.65235	0.87006
0.46536	0.80302
0.36355	0.48878
0.77804	0.12574
0.29831	0.50230
0.29946	0.50220
0.66403	0.03889
0.36366	0.36748
0.43940	0.97956
0.55831	0.42178
0.68097	0.85625
0.73063	0.50989
0.39584	0.29209
0.35340	0.46313
0.45637	0.27550
0.78270	0.27804
0.57932	0.06664
0.85731	0.32857
0.03483	0.63957
0.69885	0.54963
0.24956	0.54054
0.54640	0.22982
0.54716	0.28024
0.69791	0.82923
0.34758	0.53730
0.07880	0.62735
0.38760	0.79899
0.58670	0.38971
0.50469	0.79725
0.76395	0.81542
0.77094	0.48425
0.01655	0.54256
0.72819	0.23578
0.90508	0.50856
0.00000	0.57430
0.68991	0.92426
0.72385	0.33468
0.73130	0.81838
0.74955	0.44755
0.68984	0.70801
0.64877	0.08593
0.03558	0.64254
0.03313	0.56465
0.75075	0.36558
0.69058	0.71089
0.73529	0.37066
0.52227	0.54664
0.52660	0.53953
0.64902	0.57946
0.41329	0.55667
0.45702	0.35589
0.61250	0.74923
0.47549	0.64858
0.28908	0.34508
0.37128	0.63201
0.46545	0.32561
0.30640	0.50083
0.21896	0.77997
0.72471	0.39686
0.33479	0.17926
0.83543	0.48274
0.32420	0.56651
0.43122	0.99031
0.41681	0.99971
0.41616	0.99994
0.44140	0.98082
0.66526	0.86421
0.65407	0.06322
0.01874	0.54429
0.77009	0.68539
0.21948	0.53357
0.32790	0.45645
0.03584	0.55794
0.00987	0.59299
0.53806	0.76556
0.48181	0.09268
0.03569	0.64053
0.41696	0.99966
0.31198	0.51156
0.46646	0.80246
0.43443	0.99356
0.40720	0.32463
0.82530	0.32222
0.46514	0.56909
0.59958	0.07233
0.88024	0.27530
0.41791	0.99926
0.68929	0.87907
0.62152	0.07209
0.88185	0.42169
0.59263	0.60297
0.88186	0.42169
0.92483	0.22118
0.06347	0.58567
0.79843	0.14531
0.49342	0.58109
0.52285	0.82610
0.51638	0.84681
0.46530	0.64490
0.32210	0.31672
0.78106	0.40406
0.62511	0.10970
0.49387	0.26316
0.00108	0.60572
0.04816	0.61358
0.56945	0.29473
0.37951	0.50161
0.27321	0.52815
0.65386	0.09362
0.55783	0.43098
0.47118	0.60749
0.63423	0.39225
0.41044	0.41590
0.42908	0.39360
0.31128	0.39751
0.57327	0.53702
0.64717	0.29986
0.60911	0.07399
0.87448	0.27718
0.56946	0.15262
0.59495	0.05014
0.70854	0.86734
0.42950	0.40543
0.41862	0.41283
0.70856	0.86733
0.46721	0.80626
0.83495	0.31407
0.46517	0.80838
0.82032	0.24172
0.44273	0.98238
0.43448	0.99158
0.41721	0.99965
0.83545	0.31559
0.48695	0.59077
0.41735	0.99952
0.35961	0.59446
0.41633	1.00000
0.44198	0.98245
0.31690	0.33056
0.42960	0.90337
0.65542	0.08088
0.38950	0.46622
0.85138	0.46508
0.76395	0.91016
0.96978	0.62720
0.27099	0.44815
0.31763	0.33022
0.36797	0.37619
0.32949	0.35486
0.54333	0.53525
0.79951	0.50700
0.82793	0.50117
0.76307	0.15902
0.01653	0.54017
0.70398	0.49271
0.03582	0.56998
0.42793	0.19646
0.75521	0.86120
0.35914	0.60120
0.62709	0.07968
0.01470	0.53985
0.58667	0.83303
0.04924	0.61332
0.07883	0.62738
0.41223	0.35993
0.85669	0.32819
0.54651	0.23010
0.69908	0.85273
0.57719	0.06910
0.03482	0.63957
0.26077	0.37966
0.48305	0.07993
0.65407	0.06322
0.58360	0.91459
0.81940	0.50560
0.47127	0.41644
0.44150	0.98295
0.36506	0.48123
0.61626	0.37894
0.59948	0.05244
0.22838	0.50781
0.34811	0.17730
0.46180	0.40457
0.85484	0.22887
0.32876	0.42864
0.27761	0.53567
0.55456	0.25837
0.46725	0.80174
0.41698	0.99966
0.41698	0.99973
0.77060	0.18341
0.05094	0.61338
0.42957	0.90335
0.72988	0.84714
0.48038	0.54852
0.44489	0.47439
0.03730	0.57839
0.24483	0.51688
0.38380	0.46272
0.24483	0.51688
0.04841	0.60683
0.61237	0.34201
0.04506	0.60950
0.63303	0.09498
0.65379	0.70251
0.85443	0.47428
0.57261	0.29737
0.45341	0.25613
0.27264	0.74517
0.27434	0.74835
0.68142	0.09277
0.27426	0.74765
0.30915	0.54008
0.52827	0.53647
0.44066	0.97198
0.85161	0.48120
0.43302	0.49928
0.49980	0.57847
0.63272	0.09538
0.33346	0.61481
0.58667	0.83304
0.04534	0.61099
0.01152	0.53567
0.65913	0.80385
0.04627	0.61255
0.23700	0.52013
0.62823	0.45394
0.04591	0.61206
0.74888	0.85627
0.73354	0.29637
0.88127	0.72448
0.03189	0.55413
0.62150	0.07208
0.90365	0.50397
0.68596	0.31644
0.42124	0.35301
0.73001	0.19365
0.75844	0.15945
0.45476	0.31455
0.80410	0.49469
0.02566	0.55306
0.64187	0.76652
0.58968	0.55264
0.03633	0.64870
0.58667	0.83305
0.47097	0.54451
0.01820	0.54314
0.03576	0.64037
0.33834	0.59449
0.66350	0.72218
0.44037	0.65830
0.04606	0.61229
0.28516	0.35115
0.54342	0.57873
0.56652	0.22860
0.67083	0.82447
0.76969	0.66184
0.67514	0.22330
0.05251	0.61161
0.72988	0.84715
0.41199	0.59967
0.64968	0.69454
0.85769	0.47172
0.63961	0.13946
0.67518	0.22331
0.43945	0.99494
0.83507	0.31378
0.43452	0.28874
0.40032	0.20146
0.58933	0.71845
0.52934	0.61928
0.52900	0.61921
0.56987	0.89569
0.82161	0.20816
0.52458	0.79561
0.84244	0.49442
0.40373	0.47385
0.66190	0.03481
0.48899	0.79771
0.30623	0.32950
0.30452	0.32803
0.35531	0.35888
0.37287	0.36466
0.52987	0.38808
0.79035	0.58815
0.79038	0.58815
0.46667	0.80219
0.33181	0.20536
0.88375	0.27658
0.59679	0.84805
0.68928	0.87906
0.48220	0.42515
0.45928	0.30224
0.31695	0.50973
0.45748	0.30282
0.32086	0.50370
0.43881	0.97929
0.82612	0.32560
0.76019	0.86364
0.66600	0.55146
0.04980	0.60680
0.58941	0.51502
0.85027	0.48328
0.00864	0.53235
0.63492	0.09434
0.21868	0.78001
0.42955	0.90334
0.01582	0.53807
0.43250	0.49872
0.32381	0.33347
0.47821	0.63904
0.54423	0.54551
0.03495	0.56939
0.68155	0.31989
0.56517	0.23025
0.58933	0.71845
0.82156	0.20813
0.48862	0.79790
0.43959	0.99509
0.41676	0.99972
0.83471	0.31296
0.37561	0.27703
0.33129	0.18092
0.39283	0.28658
0.52458	0.79561
0.61894	0.12153
0.21800	0.77981
0.48614	0.65439
0.21868	0.78001
0.34305	0.47801
0.77896	0.51970
0.54647	0.43292
0.46241	0.32740
0.76118	0.86391
0.62902	0.66187
0.00143	0.60711
0.41286	0.60246
0.33727	0.58138
0.83715	0.31410
0.76153	0.50797
0.63028	0.09868
0.04795	0.61351
0.37282	0.85915
0.31998	0.51438
0.32458	0.33792
0.29647	0.43671
0.33286	0.41749
0.47433	0.34304
0.43279	0.49876
0.85658	0.47265
0.85216	0.65682
0.93322	0.32812
0.93106	0.32876
0.98523	0.20227
0.93322	0.32812
0.99775	0.18356
0.99799	0.18295
0.75221	0.27412
0.84270	0.63878
0.92699	0.14135
0.75211	0.27417
0.85544	0.65465
0.95664	0.18980
0.66763	0.13390
0.85675	0.66448
0.98218	0.19952
0.93224	0.28151
0.95576	0.19082
0.93258	0.28482
0.98437	0.19586
0.85492	0.63659
0.98655	0.20193
0.98655	0.20193
0.98655	0.20193
0.61679	0.58701
0.66600	0.53441
0.66600	0.53441
0.40807	0.20848
0.41065	0.27360
0.60467	0.30998
0.99743	0.22975
0.99666	0.22781
0.99068	0.21001
0.99574	0.22088
0.98586	0.22501
0.99242	0.20917
0.98586	0.22501
0.37108	0.63382
0.99622	0.22647
0.77863	0.40875
0.27816	0.56707
0.40387	0.60473
0.99281	0.20890
0.29797	0.52153
0.29972	0.52023
0.50779	0.49257
0.82455	0.27917
0.52524	0.25051
0.52720	0.25207
0.52490	0.25053
0.56648	0.26274
0.45456	0.40177
0.36758	0.44760
0.54227	0.13733
0.54485	0.07256
0.59186	0.55158
0.60778	0.63567
0.47760	0.61286
0.68537	0.63062
0.57873	0.74752
0.47901	0.67195
0.47878	0.67322
0.29165	0.54251
0.31150	0.73131
0.52397	0.53889
0.75053	0.64329
0.61909	0.39751
0.34087	0.73269
0.78731	0.30825
0.78738	0.30821
0.85444	0.65222
0.93191	0.34789
0.78638	0.30602
0.93125	0.34772
0.93099	0.34716
0.87167	0.37440
0.93194	0.34791
0.73644	0.78832
0.73488	0.78919
0.77209	0.22839
0.84591	0.64280
0.87155	0.37456
0.91548	0.17517
0.78542	0.30862
0.76796	0.22156
0.78535	0.30858
0.78540	0.30862
0.91450	0.17388
0.88724	0.31214
0.69823	0.51245
0.68942	0.31631
0.42746	0.57198
0.38237	0.65192
0.35825	0.40464
0.35833	0.40514
0.35372	0.54102
0.65593	0.35587
0.35640	0.44080
0.37317	0.51300
0.42039	0.51634
0.41779	0.51580
0.76461	0.50323
0.68379	0.52954
0.65346	0.53470
0.49591	0.24549
0.54983	0.27785
0.62105	0.61088
0.50605	0.64486
0.54983	0.27785
0.57944	0.54212
0.64652	0.16084
0.64261	0.16003
0.64446	0.16140
0.64352	0.16120
0.75495	0.21597
0.62237	0.13206
0.60538	0.11880
0.32326	0.22321
0.32365	0.22376
0.32870	0.18757
0.83248	0.75398
0.35564	0.43816
0.47340	0.91749
0.31118	0.44323
0.61444	0.31005
0.33470	0.21106
0.55801	0.44048
0.33105	0.43667
0.33266	0.44091
0.43505	0.49777
0.59302	0.53107
0.58884	0.51386
0.69581	0.32183
0.46939	0.43186
0.72704	0.25989
0.45866	0.49692
0.71126	0.49180
0.47258	0.31615
0.72704	0.25989
0.47384	0.60715
0.52809	0.52672
0.46025	0.62331
0.53055	0.52938
0.58594	0.54267
0.60866	0.74316
0.61003	0.74007
0.53018	0.76712
0.77303	0.42985
0.89070	0.33019
0.77135	0.04971
0.77135	0.04971
0.76564	0.05647
0.67402	0.26700
0.76564	0.05647
0.76563	0.05647
0.77135	0.04971
0.77104	0.05027
0.76564	0.05647
0.67443	0.26694
0.76564	0.05647
0.76750	0.05581
0.76750	0.05581
0.76564	0.05647
0.56516	0.46275
0.77285	0.04814
0.76748	0.05502
0.76992	0.05305
0.77104	0.05027
0.76750	0.05581
0.46373	0.42906
0.46840	0.42622
0.46595	0.43053
0.46675	0.42808
0.64993	0.45136
0.52790	0.29071
0.48708	0.19952
0.64993	0.45136
0.62953	0.60902
0.43515	0.49632
0.47385	0.63079
0.84401	0.28505
0.47447	0.64944
0.89261	0.26879
0.78886	0.62563
0.44121	0.44139
0.46945	0.39885
0.46943	0.39887
0.56235	0.45514
0.83402	0.42810
0.79234	0.65058
0.61893	0.55700
0.56235	0.45514
0.72187	0.10163
0.76277	0.43597
0.91094	0.60640
0.72188	0.10147
0.75786	0.63977
0.76940	0.77194
0.70630	0.80523
0.60606	0.79611
0.72120	0.09687
0.97144	0.63072
0.71964	0.09933
0.72066	0.09776
0.63120	0.80067
0.86986	0.62655
0.82182	0.58146
0.88413	0.62952
0.70630	0.80523
0.71964	0.09932
0.85990	0.63566
0.82505	0.64709
0.71964	0.09933
0.49529	0.06538
0.49487	0.06675
0.34665	0.30743
0.33265	0.32276
0.34666	0.30739
0.56182	0.25883
0.61702	0.47544
0.60948	0.39024
0.37134	0.52110
0.29904	0.75796
0.44600	0.48882
0.49481	0.64135
0.44259	0.44107
0.74259	0.67897
0.44298	0.36577
0.40994	0.60669
0.41998	0.51160
0.38361	0.52749
0.43001	0.44047
0.66540	0.46342
0.62217	0.28170
0.49031	0.31026
0.55562	0.28055
0.55703	0.27971
0.48500	0.37292
0.40282	0.37474
0.50372	0.25182
0.49083	0.92997
0.49037	0.92995
0.63334	0.65410
0.48740	0.28370
0.48151	0.91436
0.48388	0.91156
0.69796	0.40197
0.47650	0.91373
0.94901	0.63016
0.47723	0.68029
0.70617	0.21319
0.82843	0.58678
0.83039	0.67734
0.52574	0.19188
0.85311	0.61492
0.48214	0.22836
0.65074	0.09046
0.89878	0.61249
0.27386	0.33180
0.51028	0.26002
0.70576	0.21307
0.27459	0.33263
0.56664	0.06649
0.27357	0.33106
0.94059	0.66760
0.64520	0.12327
0.85914	0.61910
0.64443	0.12254
0.86241	0.66124
0.48226	0.26861
0.41146	0.33846
0.86389	0.66068
0.81192	0.69294
0.21184	0.51162
0.79426	0.14357
0.56102	0.08417
0.73835	0.28099
0.57756	0.09551
0.89950	0.66173
0.71673	0.76411
0.75755	0.16459
0.75806	0.16359
0.72851	0.56081
0.87664	0.63489
0.87664	0.63489
0.71885	0.76086
0.76550	0.14172
0.71727	0.14252
0.72696	0.76588
0.80526	0.64065
0.81309	0.60444
0.72180	0.14542
0.71727	0.14252
0.88190	0.59312
0.89925	0.15550
0.92252	0.13929
0.82926	0.66532
0.71727	0.14252
0.76550	0.14172
0.92232	0.13926
0.91269	0.18414
0.80054	0.46078
0.91517	0.63088
0.64798	0.88435
0.63179	0.34063
0.89666	0.65044
0.82848	0.62381
0.65769	0.40105
0.86408	0.66118
0.92417	0.14020
0.77140	0.66804
0.82909	0.63246
0.75461	0.19494
0.37352	0.62886
0.82228	0.67240
0.85286	0.74342
0.84609	0.58752
0.90141	0.71465
0.61260	0.77513
0.88750	0.68123
0.75466	0.19477
0.98690	0.19536
0.68691	0.52388
0.68134	0.74191
0.68130	0.74211
0.48570	0.91939
0.93963	0.15193
0.90529	0.16146
0.87521	0.31916
0.61308	0.77498
0.86353	0.57191
0.92004	0.67128
0.85313	0.68789
0.91707	0.13233
0.76550	0.14172
0.66203	0.75969
0.65446	0.74063
0.90174	0.15682
0.67224	0.81679
0.81779	0.70035
0.68185	0.53563
0.61549	0.77435
0.90131	0.15733
0.68180	0.74285
0.68135	0.74254
0.90218	0.15775
0.61260	0.77513
0.86618	0.65031
0.82255	0.62844
0.85242	0.67754
0.89164	0.62356
0.66816	0.76815
0.90180	0.15723
0.73101	0.56006
0.61868	0.75189
0.67165	0.81667
0.88576	0.66720
0.78729	0.61480
0.75471	0.42190
0.56847	0.40118
0.76035	0.42945
0.76035	0.42945
0.56847	0.40118
0.76115	0.42963
0.76115	0.42963
0.70999	0.35663
0.70869	0.36929
0.70869	0.36929
0.71032	0.35697
0.63576	0.74460
0.71096	0.37185
0.71096	0.37185
0.75438	0.42136
0.75940	0.42832
0.86322	0.65831
0.84170	0.64041
0.71097	0.37184
0.75939	0.42832
0.89101	0.34343
0.70270	0.15391
0.70183	0.15404
0.90612	0.16554
0.93434	0.29613
0.68917	0.06940
0.68946	0.06957
0.93422	0.29579
0.93405	0.29547
0.65989	0.11163
0.93457	0.29647
0.93461	0.29672
0.65981	0.11141
0.72144	0.05107
0.75827	0.13278
0.93434	0.29604
0.63774	0.75185
0.75773	0.13240
0.55172	0.32333
0.71397	0.54031
0.65069	0.20363
0.66708	0.19643
0.66336	0.55292
0.63657	0.56259
0.66676	0.19640
0.65705	0.57554
0.68688	0.57209
0.65372	0.20239
0.66708	0.19643
0.66676	0.19639
0.68916	0.47627
0.68559	0.57269
0.65238	0.20301
0.66797	0.19562
0.30073	0.83870
0.30036	0.83820
0.66798	0.19561
0.60224	0.41702
0.66676	0.19639
0.75148	0.44530
0.85332	0.38445
0.85351	0.38438
0.66645	0.85300
0.85403	0.38395
0.51408	0.31508
0.43999	0.21986
0.49860	0.33017
0.82554	0.27529
0.52098	0.32779
0.52097	0.32779
0.61182	0.34301
0.61964	0.32474
0.59964	0.32879
0.52235	0.32952
0.61174	0.34300
0.49138	0.27663
0.54352	0.18492
0.54221	0.19160
0.76468	0.91207
0.58551	0.87649
0.72894	0.85524
0.76468	0.91207
0.76468	0.91207
0.72894	0.85524
0.72894	0.85524
0.76460	0.91196
0.87901	0.68757
0.77909	0.40288
0.63938	0.17056
0.63203	0.08233
0.64161	0.16743
0.69912	0.20098
0.54103	0.08976
0.69932	0.08118
0.48935	0.27726
0.83915	0.67469
0.69933	0.08118
0.69932	0.08118
0.51840	0.26259
0.64437	0.08195
0.63638	0.08837
0.56339	0.05371
0.64301	0.08015
0.89649	0.34632
0.89235	0.34508
0.88045	0.36157
0.88743	0.36192
0.68848	0.47724
0.88334	0.64968
0.55311	0.34390
0.74019	0.21799
0.60236	0.41708
0.87097	0.58673
0.70347	0.87073
0.62277	0.15713
0.62277	0.15713
0.65068	0.20361
0.66544	0.19618
0.87289	0.60366
0.78235	0.19688
0.62256	0.14916
0.88775	0.63807
0.75328	0.18875
0.55493	0.34549
0.51995	0.11770
0.58281	0.87694
0.58266	0.87699
0.86627	0.64799
0.86854	0.65396
0.86621	0.64660
0.62256	0.14916
0.78235	0.19688
0.76818	0.91749
0.76464	0.91205
0.86512	0.64103
0.76464	0.91205
0.86634	0.69542
0.76464	0.91205
0.89649	0.34632
0.76464	0.91205
0.44796	0.65749
0.44572	0.61006
0.65369	0.59695
0.62709	0.48913
0.58124	0.61922
0.63514	0.53095
0.58124	0.61922
0.65723	0.41908
0.64549	0.53307
0.41236	0.49064
0.69429	0.63862
0.51963	0.64858
0.47354	0.64788
0.61401	0.56001
0.46518	0.54083
0.48308	0.65542
0.79896	0.61683
0.32400	0.32833
0.74290	0.67900
0.55005	0.32931
0.53279	0.25422
0.46316	0.84888
0.53779	0.24916
0.55097	0.32698
0.56227	0.35258
0.37155	0.56564
0.58171	0.32630
0.55158	0.32282
0.80926	0.39530
0.80429	0.31872
0.84580	0.28449
0.58643	0.64025
0.48691	0.64855
0.43774	0.38671
0.65145	0.38227
0.23214	0.52536
0.57045	0.60832
0.57047	0.60833
0.44925	0.65701
0.47116	0.44483
0.62367	0.37950
0.48627	0.64847
0.58171	0.55125
0.47074	0.44465
0.81868	0.50013
0.68556	0.15613
0.81640	0.28234
0.86813	0.23960
0.55224	0.53444
0.58628	0.63982
0.58871	0.57956
0.22707	0.50741
0.40857	0.37697
0.51798	0.17266
0.35515	0.58162
0.41847	0.56434
0.49398	0.57487
0.73871	0.25443
0.33393	0.44909
0.31805	0.42545
0.60264	0.06330
0.74892	0.68103
0.47329	0.53114
0.48121	0.67565
0.47327	0.53117
0.71822	0.22903
0.46807	0.07736
0.47032	0.27654
0.56370	0.12148
0.78040	0.06974
0.46936	0.07668
0.62019	0.26743
0.62164	0.26682
0.82384	0.41166
0.45024	0.27492
0.60590	0.08387
0.40198	0.16767
0.63853	0.17317
0.57636	0.21917
0.49810	0.26325
0.62006	0.26782
0.67091	0.14171
0.67685	0.31347
0.57074	0.21850
0.62356	0.08793
0.62973	0.10025
0.62211	0.09219
0.62370	0.09720
0.62193	0.09629
0.43254	0.29703
0.72948	0.25503
0.55852	0.42519
0.41368	0.38039
0.71190	0.41001
0.57000	0.20868
0.60796	0.26232
0.67960	0.31310
0.53468	0.30530
0.53229	0.30705
0.39967	0.16672
0.59877	0.37253
0.54872	0.34173
0.46356	0.27858
0.46501	0.27007
0.44392	0.36946
0.56366	0.20676
0.40300	0.40351
0.46192	0.28098
0.53416	0.21266
0.55638	0.43075
0.53624	0.30400
0.65747	0.58175
0.64358	0.60424
0.65747	0.58175
0.64104	0.60780
0.63247	0.74495
0.63849	0.60456
0.70546	0.85383
0.67477	0.83916
0.54350	0.74336
0.90169	0.68529
0.82191	0.65764
0.75294	0.42954
0.57215	0.13605
0.85518	0.63666
0.85491	0.64299
0.54233	0.75149
0.84172	0.64266
0.76572	0.86499
0.77054	0.86597
0.57776	0.12939
0.75327	0.19087
0.57727	0.13005
0.67351	0.16710
0.89042	0.37279
0.75306	0.42834
0.68603	0.17092
0.67350	0.16742
0.75288	0.42906
0.67492	0.85151
0.86518	0.30170
0.57260	0.13500
0.75326	0.43012
0.68619	0.31553
0.61612	0.23555
0.86333	0.63883
0.87901	0.68757
0.69374	0.15511
0.69282	0.13356
0.68634	0.17109
0.85245	0.60688
0.56977	0.08144
0.52614	0.20711
0.72571	0.24652
0.58308	0.07568
0.68686	0.11890
0.57208	0.08128
0.53933	0.18216
0.57066	0.26214
0.66080	0.02000
0.52362	0.19563
0.63705	0.08319
0.71036	0.19843
0.58920	0.09693
0.54292	0.13843
0.62275	0.14792
0.43995	0.37551
0.43341	0.36944
0.47171	0.35869
0.47282	0.38309
0.32504	0.50632
0.43290	0.36815
0.62003	0.49999
0.47258	0.35819
0.67025	0.46388
0.62013	0.49969
0.61989	0.49793
0.66995	0.46335
0.65725	0.41903
0.45838	0.19969
0.70008	0.20074
0.72583	0.56141
0.88775	0.63807
0.85130	0.70796
0.60910	0.09885
0.89146	0.60881
0.76199	0.21670
0.88334	0.64968
0.55962	0.23971
0.57776	0.23159
0.55162	0.24704
0.62828	0.36246
0.86927	0.24064
0.63202	0.35685
0.73259	0.53016
0.62559	0.42653
0.86882	0.65434
0.54782	0.24812
0.69763	0.32587
0.81377	0.28202
0.52106	0.27431
0.51976	0.26960
0.75489	0.31052
0.68427	0.33272
0.68510	0.77569
0.65339	0.78460
0.53838	0.76486
0.53838	0.76486
0.67648	0.72358
0.68510	0.77569
0.30903	0.74679
0.68510	0.77566
0.68510	0.77566
0.61282	0.59101
0.73778	0.52594
0.76171	0.05956
0.98993	0.19220
0.73208	0.55035
0.87783	0.57804
0.95911	0.18496
0.73650	0.53356
0.53813	0.22535
0.52741	0.82639
0.67127	0.70291
0.79952	0.51152
0.59205	0.04244
0.77876	0.39966
0.65728	0.39952
0.76613	0.46096
0.67127	0.70291
0.53838	0.76486
0.53838	0.76486
0.95673	0.18366
0.40909	0.36717
0.99043	0.19173
0.80080	0.45981
0.98998	0.19212
0.82479	0.25430
0.99518	0.19473
0.99666	0.19698
0.89874	0.15396
0.89280	0.15023
0.98988	0.19218
0.99158	0.19319
0.90227	0.15762
1.00000	0.20382
0.95673	0.18366
0.95645	0.18317
0.99063	0.19191
0.98994	0.19220
0.75442	0.06504
0.76171	0.05956
0.95686	0.18318
0.92398	0.33927
0.98471	0.18892
0.77595	0.12821
0.95710	0.18260
0.75209	0.06720
0.95909	0.18449
0.75442	0.06503
0.67915	0.33525
0.55901	0.27947
0.71393	0.40344
0.51097	0.26848
0.70354	0.51541
0.71255	0.46804
0.71257	0.46801
0.56914	0.35197
0.56907	0.35196
0.61008	0.73842
0.56837	0.35215
0.90207	0.15747
0.90187	0.15716
0.31906	0.53424
0.68333	0.40815
0.54648	0.42461
0.44425	0.90648
0.48638	0.91416
0.43784	0.88775
0.56329	0.82266
0.58314	0.75866
0.56930	0.92527
0.39305	0.87486
0.48803	0.91255
0.39393	0.87577
0.54577	0.43938
0.50178	0.37933
0.45188	0.38582
0.44846	0.38397
0.50160	0.38175
0.47095	0.38224
0.32775	0.18784
0.36224	0.24886
0.32762	0.18811
