0.24876	0.60945	0.91516
0.36649	0.71817	0.53866
0.44250	0.16275	0.26282
0.34937	0.37688	0.50012
0.58333	0.33394	0.10258
0.32927	0.57906	0.06364
0.84927	0.75371	0.57199
0.37153	0.35499	0.82831
0.38376	0.31302	0.40602
0.38702	0.24612	0.59674
0.29283	0.82169	0.89569
0.09455	0.13123	0.49919
0.87292	0.35663	0.46294
0.90500	0.72943	0.62366
0.38867	0.62879	0.36633
0.38565	0.62705	0.36725
0.21387	0.71889	0.91794
0.12808	0.77074	0.87464
0.90290	0.75369	0.60980
0.47516	0.15481	0.25635
0.71445	0.42244	0.16406
0.14772	0.30239	0.20362
0.32150	0.42460	0.26871
0.34098	0.40923	0.49097
0.32106	0.14880	0.12807
0.11567	0.53910	0.81805
0.36258	0.39305	0.42260
0.37046	0.34142	0.81058
0.24850	0.76693	0.82836
0.66599	0.22321	0.13385
0.07017	0.17501	0.56579
0.77463	0.62784	0.65158
0.64360	0.41975	0.31984
0.05149	0.00000	0.44619
0.63820	0.13895	0.18089
0.94238	0.41445	0.48651
0.44277	0.47715	0.03323
0.95531	0.39747	0.49241
0.36388	0.76770	0.89286
0.62748	0.57995	0.13734
0.88126	0.74965	0.62959
0.62541	0.36601	0.18149
0.85242	0.74011	0.63513
0.29123	0.85749	0.83008
0.28823	0.85064	0.83681
0.29758	0.88536	0.77716
0.75807	0.81798	0.24196
0.85347	0.71586	0.64009
0.62538	0.36602	0.18149
0.11295	0.11367	0.48707
0.88199	0.31762	0.44127
0.30444	0.84887	0.83019
0.29606	0.88900	0.76636
0.90428	0.35488	0.44363
0.90462	0.39389	0.38355
0.16919	0.55596	0.84146
0.13735	0.70866	0.86966
0.62999	0.21727	0.13589
0.75661	0.81703	0.24145
0.57691	0.17207	0.14622
0.34116	0.44739	0.60933
0.31635	0.58826	0.60153
0.29394	0.78256	0.67659
0.44083	0.60127	0.28576
0.28874	0.46932	0.61175
0.32274	0.17917	0.33469
0.32570	0.60933	0.50205
0.16807	0.29886	0.50915
0.29936	0.86281	0.77650
0.12126	0.35418	0.54689
0.14573	0.16774	0.40393
0.28709	0.36025	0.64752
0.78980	0.67603	0.61081
0.34120	0.61410	0.50927
0.71563	0.76968	0.22976
0.15914	0.36051	0.53712
0.42918	0.14889	0.33009
0.06523	0.13997	0.51498
0.23719	0.25745	0.57351
0.63971	0.67108	0.11315
0.28988	0.78998	0.83822
0.36545	0.89606	0.76711
0.30625	0.16491	0.41643
0.04996	0.13653	0.47906
0.21577	0.52202	0.94137
0.16116	0.28453	0.49986
0.90773	0.37139	0.51903
0.87170	0.48464	0.53488
0.45029	0.69726	0.55412
0.78444	0.71634	0.61049
0.18689	0.33407	0.49637
0.28446	0.32295	0.64326
0.36437	0.13540	0.27988
0.23687	0.16304	0.38415
0.80756	0.71992	0.62039
0.36656	0.10366	0.14566
0.13317	0.29889	0.21918
0.39428	0.13556	0.44733
0.31717	0.61178	0.60268
0.75810	0.70204	0.60878
0.35225	0.18979	0.56676
0.13427	0.29880	0.21905
0.83265	0.68294	0.62824
0.36958	0.53996	0.59822
0.09497	0.39584	0.53604
0.09600	0.55118	0.82080
0.16533	0.15652	0.44354
0.86472	0.67157	0.61775
0.16500	0.73096	0.86903
0.73113	0.84657	0.23309
0.06971	0.16176	0.43621
0.54137	0.18989	0.13635
0.16982	0.31624	0.48935
0.26370	0.24308	0.52789
0.79563	0.70513	0.59177
0.37932	0.45324	0.58722
0.46370	0.22650	0.55041
0.11094	0.41171	0.55897
0.51760	0.81585	0.39508
0.35116	0.13031	0.41502
0.56712	0.12050	0.23427
0.39274	0.45733	0.60940
0.78497	0.77684	0.17885
0.38075	0.38343	0.37596
0.22714	0.45905	0.69860
0.67616	0.20946	0.15177
0.44550	0.45350	0.04316
0.70653	0.62634	0.66631
0.40666	0.17890	0.25870
0.43044	0.67012	0.32121
0.00256	0.22351	0.58902
0.24900	0.76478	0.70274
0.37517	0.54651	0.60535
0.90740	0.74645	0.59436
0.91177	0.38405	0.50121
0.68317	0.84290	0.29432
0.06046	0.19857	0.55694
0.58657	0.12729	0.16463
0.00167	0.23241	0.51447
0.11068	0.40710	0.52392
0.78097	0.76376	0.61441
0.13273	0.21014	0.45191
0.83777	0.67654	0.58160
0.61495	0.71619	0.15385
0.88401	0.76100	0.58879
0.81835	0.75434	0.59071
0.27445	0.82261	0.86310
0.54514	0.67629	0.10632
0.69725	0.81850	0.22990
0.12828	0.21602	0.59411
0.57238	0.37367	0.10290
0.16582	0.30983	0.47759
0.17071	0.26055	0.51351
0.61477	0.12921	0.16863
0.05576	0.19986	0.53884
0.82234	0.74949	0.63376
0.53495	0.82505	0.38981
0.13483	0.38640	0.44670
0.05106	0.37414	0.50628
0.12530	0.16251	0.45521
0.07944	0.26143	0.55581
0.64289	0.44082	0.18545
0.91675	0.45133	0.48606
0.58100	0.13898	0.20212
0.18474	0.29678	0.52965
0.46147	0.81556	0.74732
0.22576	0.22804	0.60123
0.36540	0.14066	0.14753
0.39764	0.21820	0.37372
0.21358	0.11794	0.50993
0.62046	0.83682	0.32169
0.20630	0.60539	0.81923
0.15335	0.72278	0.86146
0.35705	0.12506	0.46025
0.20326	0.65762	0.84279
0.00893	0.23079	0.51402
0.25270	0.07884	0.35460
0.19336	0.84124	0.83308
0.12187	0.15780	0.42176
0.60700	0.56547	0.04663
0.88367	0.70953	0.61153
0.31005	0.56726	0.55634
0.52353	0.14907	0.14033
0.90875	0.74419	0.67211
0.41366	0.49261	0.59020
0.88257	0.45028	0.52949
0.19314	0.35965	0.47893
0.26201	0.71598	0.88188
0.64590	0.79203	0.20177
0.16954	0.71604	0.83326
0.88005	0.45639	0.48241
0.56040	0.14993	0.14770
0.85360	0.47437	0.50478
0.61177	0.18834	0.17139
0.94061	0.40219	0.50466
1.00000	0.75732	0.64256
0.84575	0.46242	0.53142
0.77026	0.82690	0.27942
0.63846	0.62072	0.03563
0.44466	0.46349	0.03976
0.48679	0.80909	0.36203
0.18045	0.83878	0.69558
0.40537	0.13828	0.43741
0.64259	0.29503	0.11876
0.38613	0.27368	0.12559
0.21517	0.39420	0.68996
0.75762	0.73651	0.59251
0.12173	0.18906	0.60882
0.32205	0.14945	0.12927
0.58955	0.79414	0.46102
0.45976	0.85171	0.75489
0.13574	0.08372	0.47100
0.13961	0.07445	0.49386
0.59422	0.83877	0.35264
0.79928	0.69954	0.61488
0.15727	0.62555	0.71357
0.88355	0.76497	0.61883
0.27463	0.45089	0.60663
0.27255	0.21134	0.55456
0.31565	0.87121	0.76237
0.38187	0.89555	0.75807
0.07044	0.36994	0.51434
0.39073	0.08624	0.15210
0.63963	0.83563	0.29197
0.03204	0.41222	0.50475
0.39296	0.14778	0.16714
0.34158	0.75332	0.38641
0.37882	0.81336	0.42614
0.51454	0.14338	0.21215
0.25211	0.76350	0.71142
0.38472	0.26009	0.38924
0.25190	0.25574	0.65773
0.32357	0.57402	0.56111
0.49340	0.82381	0.32770
0.40015	0.86569	0.75088
0.22970	0.21700	0.69255
0.09226	0.11343	0.48990
0.00790	0.22809	0.54065
0.38632	0.19759	0.12106
0.41349	0.69233	0.52115
0.62458	0.52963	0.23726
0.22639	0.10705	0.40580
0.50697	0.25643	0.34746
0.36729	0.12595	0.15008
0.05543	0.51663	0.92964
0.11990	0.11615	0.53620
0.26108	0.20962	0.59983
0.34137	0.12987	0.11942
0.12616	0.29071	0.21984
0.36693	0.37374	0.84846
0.51189	0.85546	0.37394
0.23712	0.72345	0.85225
0.79904	0.76048	0.62754
0.15323	0.25402	0.26412
0.43239	0.86402	0.69544
0.65204	0.66551	0.13618
0.42688	0.58557	0.57347
0.60625	0.45905	0.16455
0.25732	0.56279	0.92440
0.21297	0.34203	0.64452
0.12588	0.09287	0.49301
0.87578	0.33668	0.44083
0.13444	0.16241	0.40007
0.65565	0.83451	0.29088
0.53163	0.19663	0.14693
0.34783	0.43189	0.08082
0.36733	0.35595	0.40735
0.66012	0.93527	0.22943
0.17127	0.28134	0.66205
0.21962	0.11521	0.30316
0.70883	0.94737	0.27387
0.68777	0.92188	0.26372
0.20228	0.04834	0.39953
0.10359	0.29795	0.58773
0.19266	0.04883	0.39702
0.23434	0.05979	0.39886
0.71921	0.94414	0.27475
0.56835	0.88135	0.21665
0.14352	0.12860	0.47503
0.15222	0.62409	0.49345
0.23268	0.09715	0.28286
0.57346	0.87852	0.21566
0.20311	0.04526	0.39440
0.33412	0.12423	0.31845
0.20703	0.04861	0.42005
0.22982	0.09957	0.28281
0.94437	0.40943	0.52676
0.55196	1.00000	0.29446
0.18634	0.10682	0.30822
0.18324	0.11091	0.31000
0.70772	0.89492	0.27926
0.58115	0.82388	0.24687
0.55366	0.80405	0.23834
0.55163	0.80853	0.23114
0.50676	0.23442	0.12747
0.44587	0.16142	0.13587
0.15002	0.13233	0.32253
0.15380	0.13177	0.32226
0.90881	0.36117	0.40675
0.49387	0.27521	0.12464
0.83107	0.72804	0.61002
0.77031	0.75791	0.59930
0.70486	0.89719	0.28300
0.90344	0.69618	0.59550
0.58028	0.82836	0.24554
0.56552	0.81807	0.23111
0.68282	0.92250	0.26665
0.28044	0.81492	0.87390
0.79131	0.73456	0.59042
0.92684	0.41301	0.51828
0.57365	0.83895	0.22591
0.78537	0.75804	0.58409
0.61367	0.83262	0.24562
0.68708	0.92285	0.26488
0.29245	0.83164	0.85277
0.71083	0.89792	0.26639
0.71364	0.91057	0.28333
0.41809	0.18436	0.13184
0.41584	0.19461	0.12568
0.27679	0.80186	0.86475
0.70983	0.89476	0.28225
0.72343	0.91522	0.26881
0.55026	0.81082	0.23687
0.79941	0.74736	0.70572
0.26792	0.78350	0.88883
0.30726	0.83673	0.84175
0.69556	0.89592	0.27870
0.61560	0.82705	0.24863
0.52310	0.21202	0.13182
0.37672	0.24528	0.11589
0.38392	0.24853	0.11974
0.48283	0.27781	0.12243
0.61788	0.82388	0.25276
0.72084	0.89856	0.28047
0.79994	0.72033	0.59985
0.80524	0.68942	0.60138
0.68734	0.91483	0.27744
0.26585	0.77553	0.88819
0.71226	0.89936	0.26633
0.83031	0.69290	0.61185
0.38043	0.25097	0.11366
0.38824	0.24929	0.11339
0.22158	0.10965	0.47333
0.38605	0.24341	0.11402
0.38077	0.24892	0.11923
0.93724	0.40988	0.51677
0.26613	0.80024	0.90492
0.71465	0.90529	0.26704
0.59776	0.83377	0.22833
0.56578	0.80517	0.23908
0.56071	0.80676	0.23052
0.30184	0.83139	0.86000
0.42333	0.18526	0.13832
0.39848	0.24305	0.11908
0.21884	0.10642	0.29591
0.22355	0.10482	0.46778
0.45794	0.26544	0.11966
0.42983	0.13123	0.15756
0.26598	0.80078	0.90460
0.56650	0.80060	0.23700
0.59697	0.83470	0.22748
0.26099	0.77685	0.89285
0.68317	0.92028	0.26498
0.58508	0.80372	0.22923
0.40479	0.15930	0.17283
0.50704	0.23434	0.12754
0.23058	0.10983	0.30382
0.22435	0.10399	0.28309
0.53117	0.21200	0.13189
0.40479	0.15925	0.17282
0.30355	0.83758	0.84451
0.84042	0.70419	0.56961
0.84134	0.68003	0.59938
0.26100	0.77685	0.89285
0.57517	0.84204	0.22246
0.36677	0.23348	0.13254
0.20291	0.05275	0.43695
0.18618	0.26222	0.66708
0.21556	0.04600	0.41071
0.59712	0.50304	0.23489
0.49584	0.26554	0.12269
0.94166	0.41423	0.52694
0.57175	0.86870	0.21625
0.82613	0.69962	0.63732
0.20411	0.28518	0.62961
0.13722	0.28180	0.62327
0.24367	0.39501	0.60930
0.20733	0.04935	0.41870
0.20726	0.04828	0.40292
0.20442	0.28402	0.62912
0.10578	0.29550	0.58830
0.20279	0.24703	0.63719
0.23575	0.26863	0.64551
0.24542	0.28134	0.64801
0.24115	0.39362	0.60902
0.20363	0.24495	0.64097
0.25678	0.29072	0.64897
0.15610	0.23121	0.59390
0.20841	0.22749	0.15333
0.35965	0.66842	0.51131
0.50389	0.89597	0.24172
0.29515	0.77184	0.66910
0.51055	0.87835	0.24735
0.19240	0.73438	0.84530
0.51618	0.81389	0.37247
0.84826	0.70158	0.59815
0.31057	0.84874	0.71859
0.62506	0.46097	0.26286
0.50389	0.89597	0.24172
0.13767	0.40952	0.49604
0.59621	0.10787	0.17216
0.93024	0.31533	0.41239
0.38219	0.19716	0.14223
0.34791	0.63577	0.51134
0.66909	0.59414	0.20049
0.64503	0.52400	0.13843
0.20869	0.74869	0.88583
0.64657	0.65697	0.12276
0.64502	0.52399	0.13843
0.28860	0.64577	0.51766
0.50408	0.89520	0.24242
0.54136	0.72384	0.21160
0.66911	0.38200	0.23160
0.33057	0.60855	0.48881
0.54435	0.79734	0.48693
0.66908	0.59416	0.20048
0.71424	0.60704	0.20438
0.56154	0.81867	0.26833
0.21875	0.79374	0.93199
0.50713	0.87955	0.24759
0.70823	0.60432	0.20842
0.43710	0.56051	0.59612
0.55109	0.80288	0.48254
0.72300	0.61178	0.20458
0.66909	0.59414	0.20048
0.64502	0.52399	0.13843
0.68070	0.59274	0.21799
0.21839	0.79174	0.93213
0.66907	0.59414	0.20049
0.69114	0.59432	0.21521
0.12667	0.42220	0.49192
0.37279	0.57909	0.60661
0.35627	0.29417	0.46315
0.05799	0.49992	0.92262
0.68056	0.21390	0.14452
0.24163	0.37284	0.57422
0.53557	0.15759	0.13815
0.64062	0.72471	0.14048
0.84193	0.59836	0.65689
0.59443	0.07856	0.14110
0.38386	0.09581	0.42102
0.33691	0.10198	0.23393
0.32568	0.65069	0.80243
0.49991	0.16973	0.29024
0.60100	0.10191	0.15143
0.47858	0.26201	0.40774
0.27233	0.24238	0.58025
0.41226	0.14243	0.38458
0.44278	0.17485	0.31787
0.20582	0.65272	0.50831
0.07237	0.34690	0.52781
0.20331	0.53122	0.47832
0.09062	0.38159	0.55640
0.43065	0.78928	0.36537
0.22587	0.69055	0.66103
0.79804	0.73547	0.63374
0.30897	0.40036	0.26291
0.24465	0.73871	0.68578
0.30035	0.24285	0.57129
0.03763	0.52597	0.93460
0.69114	0.59433	0.21521
0.21839	0.79174	0.93213
0.69114	0.59433	0.21521
0.20435	0.44909	0.65899
0.41271	0.14151	0.40749
0.42489	0.55208	0.60063
0.67317	0.58996	0.20810
0.31057	0.84874	0.71859
0.85692	0.69832	0.58567
0.30328	0.38392	0.65387
0.31745	0.64604	0.50279
0.45610	0.14529	0.33603
0.03546	0.37584	0.51520
0.17008	0.74382	0.87575
0.37607	0.74914	0.80029
0.36367	0.58439	0.60900
0.37874	0.34725	0.42321
0.63306	0.45093	0.15719
0.55484	0.77179	0.23551
0.64275	0.37864	0.19449
0.71826	0.78934	0.24756
0.66372	0.49243	0.11639
0.53013	0.73589	0.20716
0.55339	0.83898	0.24074
0.53389	0.75040	0.21056
0.17558	0.53129	0.94753
0.67992	0.82902	0.24922
0.64790	0.54867	0.15866
0.64790	0.54867	0.15866
0.68205	0.82790	0.24995
0.05469	0.51920	0.91773
0.02461	0.54610	0.94483
0.64066	0.59358	0.12435
0.44023	0.85840	0.68817
0.67039	0.84074	0.24732
0.68317	0.82664	0.24990
0.04113	0.16618	0.50762
0.29942	0.65647	0.86506
0.32395	0.72908	0.60001
0.07613	0.49390	0.92951
0.50922	0.69258	0.19866
0.27742	0.55697	0.95180
0.29852	0.74721	0.37174
0.02409	0.54118	0.94175
0.71685	0.80194	0.28880
0.49243	0.40304	0.15375
0.39410	0.20129	0.24785
0.13811	0.34465	0.52341
0.23270	0.50582	0.92247
0.22421	0.23724	0.15884
0.23346	0.50571	0.92239
0.23110	0.50281	0.92052
0.27971	0.49091	0.91871
0.89250	0.68074	0.60625
0.64817	0.44947	0.25036
0.22420	0.23724	0.15884
0.22421	0.23723	0.15885
0.65653	0.44058	0.25045
0.76476	0.84200	0.27180
0.70977	0.86497	0.27262
0.74392	0.84437	0.26447
0.21411	0.24019	0.16660
0.21410	0.24020	0.16661
0.33997	0.28334	0.48133
0.76098	0.85184	0.27292
0.26149	0.21079	0.55143
0.62594	0.83952	0.33460
0.33115	0.10712	0.22374
0.73345	0.87747	0.28454
0.33151	0.33780	0.63939
0.22373	0.11987	0.38102
0.90730	0.33667	0.42049
0.91034	0.33903	0.41972
0.73447	0.87293	0.28120
0.21412	0.24019	0.16660
0.24848	0.10148	0.38597
0.15814	0.17450	0.44916
0.28365	0.17752	0.45082
0.25039	0.54631	0.63113
0.64313	0.45442	0.25042
0.75719	0.84864	0.28208
0.64685	0.44970	0.25068
0.39022	0.20172	0.36162
0.32762	0.11133	0.23620
0.33207	0.32794	0.63641
0.64725	0.44947	0.25057
0.23499	0.50302	0.92106
0.04331	0.38524	0.51033
0.62780	0.50036	0.20817
0.28113	0.79819	0.88481
0.32146	0.65808	0.80681
0.70977	0.86497	0.27263
0.62810	0.50195	0.20800
0.91484	0.70463	0.60928
0.29510	0.81806	0.83288
0.33163	0.87748	0.80221
0.26116	0.68703	0.89904
0.40073	0.19024	0.33849
0.25961	0.68661	0.90124
0.24144	0.75456	0.90268
0.22730	0.50460	0.92162
0.22912	0.68494	0.92337
0.16498	0.55389	0.87417
0.08528	0.51088	0.93659
0.12527	0.51916	0.94170
0.39682	0.62888	0.07318
0.36947	0.69481	0.05551
0.03608	0.50376	0.93428
0.40917	0.89214	0.68804
0.35002	0.42041	0.60293
0.24911	0.81639	0.74025
0.82427	0.69605	0.58816
0.34044	0.80121	0.67821
0.44792	0.84624	0.68191
0.43758	0.74268	0.07291
0.64053	0.73438	0.15402
0.46373	0.15783	0.18683
0.24276	0.63542	0.52461
0.28811	0.75991	0.70733
0.86341	0.69099	0.57233
0.41996	0.88660	0.70333
0.29855	0.57448	0.60631
0.30809	0.70425	0.51899
0.59514	0.33786	0.18178
0.59946	0.68127	0.12463
0.21666	0.71134	0.80517
0.93956	0.44479	0.53687
0.85840	0.70069	0.62198
0.41844	0.73339	0.49254
0.57609	0.67444	0.11946
0.27620	0.61702	0.74646
0.24562	0.70638	0.74812
0.33413	0.70218	0.55140
0.43649	0.72822	0.09593
0.49377	0.14812	0.29075
0.18555	0.53449	0.94947
0.34870	0.25436	0.57101
0.60125	0.72694	0.04313
0.93867	0.42189	0.52607
0.33242	0.58689	0.06656
0.36440	0.20155	0.52629
0.24066	0.69268	0.47964
0.60231	0.08192	0.14723
0.19528	0.37477	0.46556
0.33897	0.23570	0.46140
0.28487	0.62896	0.59734
0.31433	0.10961	0.48617
0.44525	0.67965	0.56154
0.33681	0.75998	0.36797
0.36939	0.30753	0.42347
0.60195	0.50760	0.22786
0.28749	0.67969	0.49525
0.26131	0.45865	0.59646
0.24876	0.63337	0.53219
0.80352	0.71656	0.56837
0.21371	0.20887	0.32050
0.56122	0.98974	0.30507
0.32666	0.59353	0.06203
0.13506	0.34455	0.46153
0.48645	0.68480	0.05196
0.56122	0.98974	0.30507
0.56318	0.98866	0.30521
0.61263	0.46556	0.08780
0.17338	0.56390	0.86527
0.42934	0.73131	0.10261
0.36153	0.69551	0.06880
0.37982	0.86412	0.26570
0.56312	0.98864	0.30525
0.37646	0.86647	0.26928
0.52457	0.67818	0.03379
0.27205	0.23736	0.58990
0.36787	0.69296	0.06073
0.37646	0.86647	0.26928
0.33637	0.29866	0.33471
0.41491	0.14333	0.37473
0.32549	0.26775	0.33625
0.41351	0.17673	0.35877
0.36033	0.41738	0.60433
0.38600	0.87939	0.72822
0.37724	0.24862	0.61074
0.82356	0.81845	0.61327
0.17997	0.14070	0.54894
0.46413	0.28882	0.30336
0.37477	0.41155	0.41041
0.53200	0.19496	0.15579
0.39174	0.51224	0.97841
0.31344	0.52993	0.94551
0.07300	0.11794	0.50677
0.41832	0.44719	0.55608
0.88328	0.37465	0.37513
0.38600	0.87939	0.72822
0.46959	0.17401	0.33251
0.83189	0.34038	0.39470
0.46509	0.29140	0.29839
0.89086	0.35788	0.42303
0.90672	0.36654	0.45461
0.70459	0.63227	0.64726
0.44092	0.17774	0.35790
0.46496	0.35676	0.16990
0.19668	0.76326	0.83952
0.06521	0.43831	0.50700
0.43350	0.88907	0.73863
0.37814	0.89086	0.73850
0.46477	0.35674	0.16999
0.16119	0.41860	0.49473
0.25595	0.40702	0.58069
0.18798	0.23147	0.50846
0.53384	0.14635	0.24411
0.19179	0.21608	0.31335
0.41760	0.45054	0.55740
0.35857	0.79133	0.42647
0.36961	0.63789	0.08119
0.36084	0.63706	0.07842
0.50835	0.75304	0.22956
0.19146	0.21932	0.31265
0.45011	0.16955	0.35397
0.34084	0.22434	0.50424
0.54848	0.98806	0.31471
0.17790	0.31773	0.25826
0.42942	0.70570	0.19796
0.35700	0.09838	0.34772
0.18749	0.58471	0.78790
0.25628	0.25119	0.58168
0.39052	0.12152	0.31827
0.35520	0.09817	0.34745
0.47029	0.17024	0.32349
0.59483	0.43180	0.15599
0.34373	0.10622	0.19666
0.23551	0.72495	0.68577
0.59637	0.45111	0.08508
0.53978	0.66716	0.13365
0.76987	0.62210	0.67007
0.31142	0.14326	0.37403
0.47106	0.15535	0.28450
0.46142	0.12710	0.33583
0.47348	0.57614	0.24496
0.39244	0.16960	0.36019
0.27627	0.42980	0.29584
0.34034	0.46078	0.47076
0.20298	0.41748	0.65421
0.42946	0.24244	0.29957
0.19962	0.61686	0.57859
0.38891	0.48998	0.61875
0.49522	0.18312	0.28202
0.51115	0.83281	0.20463
0.18622	0.40041	0.52819
0.62638	0.30679	0.12404
0.11972	0.39275	0.54751
0.43182	0.53566	0.61488
0.37573	0.25133	0.46652
0.61223	0.34380	0.12477
0.22558	0.17264	0.29110
0.54529	0.89385	0.21144
0.41036	0.63393	0.08338
0.33797	0.40696	0.09533
0.53269	0.10493	0.23657
0.40401	0.12659	0.28523
0.44542	0.66065	0.57492
0.43698	0.52774	0.59903
0.44076	0.67577	0.32106
0.20206	0.40849	0.65093
0.55356	0.11193	0.18936
0.64667	0.43201	0.31204
0.60630	0.44399	0.06560
0.47485	0.27945	0.31389
0.38250	0.61229	0.02522
0.35877	0.70622	0.11319
0.63343	0.38224	0.34543
0.81900	0.33734	0.39161
0.40608	0.62927	0.56483
0.40667	0.62979	0.59556
0.35003	0.64089	0.50017
0.29066	0.57190	0.53186
0.40636	0.14135	0.36381
0.32133	0.14912	0.37147
0.31519	0.49559	0.11981
0.54205	0.22778	0.13366
0.33261	0.15124	0.36458
0.38172	0.25395	0.28919
0.44178	0.16680	0.37811
0.19624	0.58737	0.77356
0.63826	0.84162	0.36022
0.61163	0.84048	0.35845
0.33793	0.40717	0.09519
0.47172	0.16198	0.28739
0.46646	0.09581	0.25043
0.79284	0.82600	0.27976
0.54486	0.12429	0.14862
0.38172	0.25395	0.28919
0.23189	0.11947	0.37181
0.17800	0.31804	0.25824
0.49175	0.74429	0.19382
0.57295	0.83638	0.35117
0.38991	0.68651	0.53787
0.65581	0.44838	0.18016
0.60875	0.44462	0.06753
0.92477	0.33308	0.41219
0.54283	0.13686	0.27894
0.63945	0.15579	0.17291
0.51278	0.19745	0.13064
0.38486	0.14864	0.14756
0.54150	0.17020	0.14793
0.08076	0.33466	0.48089
0.60875	0.44462	0.06753
0.22087	0.69952	0.81133
0.38237	0.61237	0.02527
0.80601	0.74137	0.61610
0.31304	0.16329	0.33903
0.61036	0.73760	0.05274
0.35958	0.20911	0.14413
0.64675	0.29183	0.10878
0.41553	0.64227	0.34951
0.36099	0.19239	0.14720
0.52952	0.12390	0.14469
0.43480	0.15285	0.28787
0.42591	0.16220	0.15720
0.44104	0.16639	0.37777
0.61040	0.84015	0.34640
0.36655	0.83875	0.67029
0.66329	0.84222	0.34171
0.45968	0.26571	0.30136
0.84330	0.59642	0.65692
0.24839	0.07558	0.36275
0.55332	0.10955	0.15503
0.59833	0.23242	0.14869
0.89863	0.41560	0.53633
0.21213	0.84380	0.83544
0.44643	0.15284	0.33821
0.28342	0.35816	0.64127
0.37128	0.31023	0.45208
0.58639	0.79841	0.43963
0.48204	0.82759	0.38467
0.52183	0.82598	0.41681
0.50902	0.81963	0.38420
0.17580	0.56199	0.78207
0.18575	0.67729	0.86752
0.44291	0.73499	0.03628
0.37631	0.90373	0.43638
0.16245	0.57575	0.76276
0.43064	0.73669	0.03899
0.16580	0.57616	0.76378
0.38288	0.71110	0.08893
0.38332	0.71224	0.08914
0.37631	0.90373	0.43638
0.51805	0.69300	0.04098
0.38717	0.71903	0.11027
0.38724	0.70750	0.08976
0.37765	0.71785	0.08844
0.38542	0.71717	0.10820
0.52555	0.68978	0.04711
0.49939	0.69154	0.05145
0.50163	0.66209	0.04983
0.52557	0.68978	0.04711
0.49439	0.69449	0.05177
0.50164	0.66212	0.04982
0.49171	0.69474	0.05539
0.38724	0.70750	0.08976
0.36294	0.21024	0.50492
0.49171	0.69474	0.05539
0.73210	0.27452	0.09693
0.44709	0.74708	0.03610
0.44735	0.73309	0.04940
0.46771	0.73932	0.04334
0.46737	0.72964	0.04473
0.46795	0.73380	0.05343
0.15939	0.29592	0.66079
0.45622	0.73962	0.04987
0.45725	0.72852	0.04712
0.88726	0.72459	0.60125
0.82217	0.73746	0.58197
0.82040	0.76772	0.57955
0.81595	0.77510	0.61171
0.80960	0.69194	0.57363
0.33943	0.89372	0.77626
0.23536	0.37829	0.67803
0.41612	0.71294	0.54242
0.34371	0.87938	0.77283
0.51287	0.75466	0.20016
0.64316	0.62186	0.13343
0.85322	0.72067	0.62275
0.28721	0.87151	0.78308
0.64217	0.62109	0.13199
0.66999	0.61660	0.12059
0.55543	0.78716	0.21363
0.31823	0.49296	0.12145
0.64519	0.55822	0.10322
0.80097	0.68677	0.62717
0.87918	0.73279	0.61558
0.64355	0.55258	0.09852
0.87375	0.42367	0.17112
0.62903	0.71934	0.16324
0.66006	0.87428	0.23660
0.60753	0.59565	0.04074
0.90501	0.35364	0.41277
0.82632	0.72608	0.63611
0.51187	0.87495	0.75301
0.63182	0.60762	0.14106
0.24470	0.71759	0.67620
0.34509	0.91059	0.41438
0.17198	0.70432	0.82025
0.66000	0.87414	0.23658
0.63044	0.70788	0.15340
0.60663	0.59844	0.03993
0.64642	0.56629	0.10919
0.80333	0.67451	0.58740
0.47964	0.54925	0.24695
0.27841	0.79403	0.90372
0.62454	0.66854	0.15527
0.79899	0.71021	0.63614
0.50254	0.87399	0.75207
0.60658	0.59798	0.04041
0.60408	0.43764	0.09348
0.29698	0.81821	0.89093
0.61387	0.58607	0.03744
0.82940	0.73887	0.56630
0.67592	0.33595	0.09911
0.60608	0.59876	0.04058
0.53104	0.78427	0.21868
0.68004	0.63840	0.63480
0.59460	0.42477	0.10721
0.68224	0.57254	0.10946
0.82235	0.71040	0.60555
0.68607	0.56776	0.11013
0.38459	0.87659	0.76831
0.47461	0.68991	0.22280
0.33357	0.84608	0.69995
0.33823	0.74678	0.90923
0.33532	0.74440	0.91105
0.82960	0.70764	0.62342
0.61923	0.14870	0.17412
0.23150	0.37351	0.46713
0.46749	0.22663	0.28636
0.47174	0.56973	0.25057
0.43202	0.50912	0.61100
0.42689	0.64729	0.30932
0.23695	0.65273	0.49284
0.21478	0.58454	0.46430
0.43668	0.56115	0.59546
0.13727	0.34583	0.48814
0.27557	0.66383	0.54446
0.62703	0.65289	0.14236
0.61277	0.47480	0.08874
0.77400	0.68617	0.59626
0.71020	0.80780	0.65445
0.62819	0.65645	0.14387
0.65570	0.68635	0.10506
0.64379	0.56650	0.12491
0.63558	0.63688	0.13461
0.65829	0.76194	0.65245
0.26971	0.41273	0.67232
0.56837	0.79250	0.22343
0.63453	0.52306	0.10755
0.71020	0.80780	0.65445
0.65678	0.69806	0.09826
0.65615	0.68702	0.10469
0.65379	0.55191	0.12905
0.43350	0.77759	0.24468
0.52480	0.76115	0.23731
0.64278	0.53288	0.11648
0.63473	0.63675	0.13457
0.63522	0.64953	0.13973
0.64184	0.28424	0.10912
0.65312	0.25629	0.11299
0.37213	0.67833	0.50476
0.53020	0.76835	0.20569
0.65262	0.27426	0.11283
0.36250	0.23304	0.27828
0.19663	0.31304	0.52622
0.64317	0.54075	0.10849
0.45348	0.83585	0.42874
0.95004	0.42126	0.49248
0.37297	0.90855	0.42166
0.65370	0.25447	0.11408
0.53838	0.76347	0.20276
0.56064	0.76350	0.20753
0.39403	0.62192	0.06778
0.50266	0.74448	0.54648
0.49770	0.74170	0.54456
0.35294	0.69144	0.08251
0.60705	0.46628	0.09820
0.77695	0.78059	0.21453
0.34185	0.75007	0.90674
0.82216	0.66503	0.60090
0.91688	0.71895	0.59275
0.37660	0.86456	0.26257
0.66790	0.51282	0.13376
0.51556	0.82811	0.39103
0.55544	0.40751	0.14884
0.50104	0.82857	0.40288
0.48919	0.73702	0.54093
0.65281	0.50008	0.11385
0.66969	0.50888	0.13347
0.67066	0.55844	0.13132
0.50637	0.80307	0.35938
0.50023	0.82124	0.37633
0.65423	0.55196	0.12896
0.59406	0.47068	0.09522
0.04360	0.52136	0.89667
0.80970	0.72647	0.66560
0.37225	0.76922	0.38268
0.80038	0.61985	0.65705
0.41420	0.65124	0.38543
0.93029	0.46454	0.54862
0.41330	0.88555	0.37417
0.33989	0.64457	0.51333
0.46136	0.45805	0.32533
0.05768	0.50128	0.90419
0.89826	0.39280	0.47847
0.41346	0.65156	0.38539
0.23799	0.67192	0.48960
0.40985	0.65253	0.38398
0.80082	0.77046	0.67785
0.76971	0.73239	0.70271
0.37551	0.46727	0.95309
0.91545	0.74459	0.66985
0.21419	0.65973	0.77090
0.36649	0.71817	0.53866
0.44251	0.16277	0.26282
0.09427	0.13128	0.49937
0.58332	0.33395	0.10258
0.59843	0.36483	0.12911
0.38702	0.24612	0.59674
0.24877	0.60944	0.91516
0.34312	0.44371	0.95477
0.37152	0.35452	0.82772
0.38376	0.31302	0.40602
0.29173	0.81977	0.89781
0.87296	0.35667	0.46293
0.34868	0.37555	0.50005
0.38994	0.42320	0.94373
0.32553	0.46493	0.96780
0.71445	0.42244	0.16405
0.47515	0.15481	0.25636
0.32150	0.42460	0.26871
0.21387	0.71889	0.91794
0.36258	0.39305	0.42260
0.32204	0.14946	0.12927
0.38866	0.62879	0.36633
0.38565	0.62705	0.36725
0.34097	0.40925	0.49097
0.32555	0.45141	0.96977
0.11555	0.53902	0.81800
0.14772	0.30239	0.20362
0.37046	0.34142	0.81058
0.24850	0.76693	0.82836
0.07018	0.17498	0.56580
0.12808	0.77074	0.87464
0.66597	0.22317	0.13385
0.42022	0.39934	0.89958
0.58098	0.13899	0.20212
0.46147	0.81556	0.74732
0.18474	0.29678	0.52965
0.22576	0.22804	0.60123
0.39764	0.21821	0.37372
0.62046	0.83682	0.32169
0.20630	0.60541	0.81925
0.21358	0.11794	0.50993
0.35660	0.43537	0.95513
0.15603	0.72133	0.86165
0.35707	0.12507	0.46025
0.20326	0.65762	0.84279
0.36540	0.14068	0.14754
0.77463	0.62784	0.65158
0.05149	0.00001	0.44619
0.64360	0.41975	0.31984
0.63821	0.13902	0.18087
0.94238	0.41445	0.48651
0.44277	0.47715	0.03323
0.95530	0.39747	0.49239
0.36396	0.76777	0.89280
0.62748	0.57996	0.13734
0.44083	0.60127	0.28576
0.32571	0.60933	0.50205
0.29938	0.86282	0.77650
0.32274	0.17917	0.33469
0.16807	0.29887	0.50915
0.34121	0.61410	0.50927
0.34116	0.44738	0.60933
0.57705	0.17188	0.14613
0.54347	0.08712	0.24020
0.28874	0.46932	0.61175
0.71562	0.76968	0.22976
0.15914	0.36051	0.53712
0.12126	0.35418	0.54689
0.14573	0.16774	0.40393
0.29394	0.78255	0.67659
0.28708	0.36025	0.64752
0.31635	0.58826	0.60153
0.38536	0.41583	0.95476
0.35423	0.45361	0.96753
0.45523	0.88931	0.74866
0.76681	0.72067	0.70713
0.37932	0.40313	0.91678
0.16811	0.57449	0.82503
0.36958	0.53996	0.59822
0.41540	0.39182	0.91150
0.09515	0.39584	0.53613
0.09599	0.55117	0.82080
0.16532	0.15652	0.44354
0.73114	0.84657	0.23309
0.16496	0.73098	0.86901
0.06972	0.16176	0.43621
0.39738	0.38568	0.96199
0.36643	0.41524	0.95428
0.54141	0.19000	0.13636
0.23886	0.56787	0.90924
0.17132	0.59576	0.85409
0.31528	0.49728	0.96788
0.37932	0.45325	0.58722
0.51775	0.81581	0.39509
0.11095	0.41171	0.55897
0.35117	0.13031	0.41502
0.43516	0.39592	0.91265
0.16972	0.31627	0.48934
0.26370	0.24308	0.52789
0.46370	0.22651	0.55042
0.40499	0.38112	0.94148
0.56710	0.12049	0.23423
0.40435	0.39132	0.91944
0.39425	0.39719	0.90912
0.88684	0.38123	0.37046
0.50334	0.71653	0.19551
0.32798	0.42675	0.57441
0.17132	0.59562	0.85411
0.29386	0.88460	0.77120
0.29449	0.84693	0.83276
0.29948	0.85097	0.83426
0.29539	0.88780	0.77202
0.62536	0.36602	0.18149
0.62539	0.36601	0.18149
0.90462	0.39389	0.38355
0.75807	0.81797	0.24195
0.35117	0.40823	0.94353
0.29115	0.85748	0.83008
0.75661	0.81703	0.24144
0.39703	0.41308	0.90939
0.41491	0.40562	0.92875
0.34251	0.43559	0.96923
0.88202	0.31766	0.44127
0.16919	0.55596	0.84146
0.90427	0.35491	0.44363
0.13735	0.70864	0.86968
0.62999	0.21719	0.13604
0.11295	0.11367	0.48708
0.39274	0.45733	0.60940
0.79862	0.74250	0.69102
0.44550	0.45349	0.04316
0.38075	0.38343	0.37595
0.78497	0.77684	0.17885
0.67614	0.20944	0.15179
0.43044	0.67013	0.32121
0.22714	0.45905	0.69860
0.40665	0.17890	0.25870
0.70653	0.62634	0.66631
0.00255	0.22351	0.58901
0.24900	0.76479	0.70274
0.37518	0.54651	0.60535
0.37451	0.41813	0.94172
0.91177	0.38405	0.50121
0.68317	0.84290	0.29431
0.06045	0.19857	0.55693
0.38452	0.40693	0.93511
0.58658	0.12728	0.16464
0.42907	0.38051	0.91666
0.11069	0.40710	0.52392
0.00530	0.23158	0.51423
0.39381	0.42046	0.92860
0.13273	0.21014	0.45191
0.42151	0.41321	0.90961
0.61494	0.71619	0.15386
0.39245	0.43594	0.95273
0.38357	0.38390	0.94384
0.32267	0.48469	0.96960
0.15523	0.55235	0.78447
0.15942	0.70104	0.83677
0.16269	0.58414	0.82240
0.84488	0.63147	0.58151
0.42914	0.14889	0.33011
0.36546	0.89606	0.76711
0.06521	0.13998	0.51498
0.16116	0.28453	0.49986
0.23719	0.25745	0.57351
0.63971	0.67108	0.11315
0.04996	0.13653	0.47906
0.27373	0.75907	0.87860
0.36802	0.42792	0.93100
0.30626	0.16491	0.41643
0.21577	0.52202	0.94137
0.43418	0.79967	0.76197
0.39110	0.21092	0.24732
0.40348	0.38448	0.90292
0.15251	0.71834	0.85414
0.27327	0.40800	0.61462
0.33637	0.41189	0.95752
0.27445	0.82262	0.86310
0.38731	0.43905	0.93401
0.57239	0.37367	0.10290
0.54514	0.67630	0.10633
0.69726	0.81850	0.22990
0.33799	0.45577	0.97585
0.12828	0.21602	0.59411
0.16582	0.30983	0.47759
0.17071	0.26057	0.51351
0.38510	0.43902	0.97415
0.61479	0.12913	0.16861
0.05579	0.19986	0.53885
0.92071	0.32142	0.41549
0.19016	0.74538	0.84851
0.42408	0.41361	0.94999
0.35793	0.09237	0.15841
0.16246	0.10553	0.44524
0.17174	0.54163	0.83005
0.27005	0.80995	0.88601
0.22966	0.78991	0.74708
0.42725	0.66078	0.39935
0.17616	0.30893	0.64809
0.42017	0.49316	0.98817
0.19357	0.75078	0.84488
0.37516	0.39589	0.95193
0.53494	0.82505	0.38982
0.13483	0.38640	0.44670
0.36499	0.43061	0.96920
0.05107	0.37413	0.50628
0.12534	0.16251	0.45523
0.07002	0.13901	0.51041
0.07944	0.26143	0.55581
0.64295	0.44081	0.18542
0.91615	0.45128	0.48607
0.25270	0.07884	0.35460
0.19336	0.84124	0.83308
0.00530	0.23158	0.51424
0.35100	0.40013	0.95372
0.31005	0.56726	0.55634
0.12187	0.15780	0.42176
0.60700	0.56547	0.04663
0.40688	0.43618	0.94248
0.40496	0.40508	0.94241
0.52339	0.14919	0.14032
0.27445	0.85407	0.82727
0.40117	0.42356	0.96551
0.39894	0.40747	0.92537
0.39305	0.38027	0.92597
0.16972	0.70631	0.82842
0.33608	0.26432	0.54013
0.07295	0.36226	0.52636
0.21978	0.09943	0.44666
0.35540	0.90211	0.43039
0.35923	0.42748	0.94567
0.42135	0.38361	0.93313
0.20465	0.32696	0.64370
0.22659	0.26846	0.31106
0.36445	0.79530	0.42161
0.41377	0.49266	0.59018
0.90872	0.74418	0.67212
0.88033	0.44910	0.52897
0.19313	0.35965	0.47894
0.64590	0.79203	0.20178
0.16955	0.71604	0.83326
0.26201	0.71598	0.88188
0.88005	0.45639	0.48241
0.40957	0.42983	0.92427
0.56227	0.14855	0.14552
0.40836	0.43188	0.90572
0.16934	0.52249	0.76285
0.33524	0.88161	0.75408
0.60821	0.83401	0.31411
0.01247	0.25603	0.50738
0.39139	0.40040	0.94869
0.35727	0.41827	0.93307
0.37282	0.43600	0.95832
0.58422	0.51579	0.03848
0.51786	0.82449	0.40038
0.15771	0.55648	0.82947
0.85360	0.47437	0.50478
0.48676	0.80913	0.36200
0.64260	0.29504	0.11877
0.18015	0.83875	0.69553
0.44466	0.46348	0.03976
0.38082	0.39040	0.92504
0.37014	0.39201	0.93539
0.84575	0.46242	0.53142
0.43557	0.39825	0.92472
1.00000	0.75732	0.64256
0.94064	0.40219	0.50466
0.38672	0.40635	0.96549
0.61179	0.18832	0.17140
0.40537	0.13829	0.43741
0.38613	0.27368	0.12559
0.77025	0.82688	0.27933
0.21516	0.39421	0.68996
0.40506	0.41753	0.95277
0.12175	0.18905	0.60883
0.32204	0.14946	0.12927
0.58956	0.79414	0.46101
0.45933	0.85150	0.75512
0.13574	0.08371	0.47097
0.13945	0.07459	0.49375
0.37311	0.41237	0.92299
0.41139	0.41899	0.93867
0.59421	0.83877	0.35264
0.43298	0.41638	0.92425
0.15727	0.62555	0.71357
0.37873	0.45053	0.96671
0.34158	0.75332	0.38641
0.27506	0.44978	0.60644
0.39297	0.14777	0.16714
0.27255	0.21134	0.55456
0.38187	0.89555	0.75807
0.39072	0.08625	0.15210
0.63964	0.83563	0.29198
0.03204	0.41221	0.50476
0.07045	0.36994	0.51435
0.37886	0.81340	0.42612
0.31567	0.87121	0.76236
0.51455	0.14338	0.21214
0.25212	0.76350	0.71141
0.38472	0.26009	0.38924
0.25190	0.25574	0.65773
0.32357	0.57402	0.56111
0.49340	0.82381	0.32770
0.22962	0.21701	0.69239
0.40017	0.86567	0.75090
0.42495	0.36463	0.93155
0.09234	0.11340	0.48988
0.00790	0.22809	0.54064
0.38634	0.19758	0.12105
0.41349	0.69233	0.52115
0.17132	0.59576	0.85409
0.17647	0.71523	0.88597
0.90773	0.37139	0.51903
0.87164	0.48450	0.53480
0.36758	0.39448	0.96326
0.23688	0.16304	0.38416
0.45030	0.69726	0.55412
0.18689	0.33406	0.49637
0.28446	0.32295	0.64326
0.36437	0.13540	0.27988
0.45699	0.42057	0.87633
0.36657	0.10364	0.14567
0.13317	0.29889	0.21918
0.39428	0.13556	0.44733
0.37152	0.35451	0.82772
0.31717	0.61178	0.60268
0.35224	0.18978	0.56675
0.14018	0.29573	0.21884
0.40208	0.39382	0.93626
0.51188	0.85547	0.37394
0.22639	0.10704	0.40579
0.50697	0.25643	0.34746
0.42390	0.39381	0.95085
0.36437	0.13540	0.27988
0.11990	0.11615	0.53619
0.26107	0.20959	0.59982
0.34138	0.12987	0.11942
0.62458	0.52963	0.23726
0.12616	0.29071	0.21984
0.37893	0.41295	0.97091
0.36694	0.37374	0.84845
0.36730	0.12593	0.15008
0.23712	0.72346	0.85225
0.05547	0.51656	0.92967
0.34922	0.42001	0.97018
0.43237	0.86402	0.69546
0.15487	0.25284	0.26534
0.65204	0.66551	0.13619
0.42688	0.58557	0.57347
0.13444	0.16241	0.40007
0.87579	0.33668	0.44083
0.21294	0.34192	0.64452
0.25828	0.56080	0.92386
0.60602	0.45856	0.16470
0.12588	0.09287	0.49301
0.65564	0.83451	0.29088
0.14462	0.57050	0.84380
0.34783	0.43188	0.08082
0.36734	0.35595	0.40735
0.66012	0.93527	0.22943
0.53167	0.19667	0.14691
0.38886	0.37875	0.91595
0.16808	0.55953	0.80469
0.19127	0.26073	0.64389
0.17132	0.59576	0.85409
0.17648	0.71522	0.88598
0.29611	0.80007	0.67314
0.36538	0.65422	0.51244
0.41626	0.83919	0.44626
0.44684	0.67149	0.56735
0.37155	0.66088	0.51836
0.40736	0.84339	0.43611
0.51497	0.82055	0.45676
0.41297	0.84371	0.43903
0.41985	0.84309	0.44545
0.41523	0.87950	0.72527
0.39962	0.88381	0.73767
0.42134	0.87765	0.71912
0.42330	0.87179	0.71253
0.39672	0.86892	0.72941
0.38796	0.86580	0.73318
0.31757	0.83156	0.76085
0.59827	0.52401	0.08002
0.59818	0.52260	0.07957
0.16167	0.72159	0.84625
0.59680	0.51171	0.07884
0.16106	0.72164	0.84802
0.17732	0.74394	0.86323
0.52728	0.26353	0.12089
0.60279	0.51523	0.17616
0.17747	0.74405	0.86331
0.31143	0.84504	0.76992
0.59329	0.33651	0.10552
0.24764	0.69464	0.66496
0.49952	0.80383	0.35027
0.50860	0.73880	0.21854
0.25198	0.70705	0.66808
0.51664	0.73369	0.21180
0.24658	0.68935	0.66371
0.49862	0.80228	0.34757
0.29418	0.38385	0.64660
0.57083	0.42394	0.99231
0.56038	0.45598	0.98155
0.09655	0.53607	0.81147
0.57764	0.44502	0.99946
0.04172	0.48610	0.92084
0.04052	0.16217	0.51314
0.54216	0.78845	0.45251
0.54566	0.44670	0.98153
0.47198	0.09679	0.10581
0.55676	0.44958	0.99071
0.54881	0.42712	0.99250
0.61809	0.76643	0.64541
0.69932	0.46476	0.15370
0.30067	0.68525	0.85725
0.37909	0.39231	0.49804
0.46521	0.18466	0.38169
0.72915	0.48300	0.16363
0.13308	0.56093	0.83387
0.70574	0.47139	0.15849
0.51930	0.39960	0.06778
0.69587	0.47043	0.16078
0.57515	0.42953	0.97827
0.54453	0.44014	0.99459
0.54894	0.79623	0.45759
0.04442	0.15115	0.50895
0.47197	0.09678	0.10581
0.40388	0.69662	0.51172
0.59462	0.67783	0.31527
0.21791	0.58144	0.75307
0.59260	0.43328	0.98258
0.57066	0.42934	1.00000
0.17454	0.67278	0.88483
0.56950	0.45723	0.99442
0.57474	0.43850	0.97381
0.24407	0.68017	0.65576
0.92280	0.37376	0.43317
0.39647	0.89051	0.45479
0.13986	0.55569	0.81828
0.35798	0.29773	0.45149
0.46138	0.28638	0.31956
0.35809	0.30024	0.45061
0.54989	0.42780	0.97104
0.12823	0.12329	0.48401
0.38970	0.13953	0.45673
0.30659	0.26529	0.33379
0.49178	0.78408	0.41126
0.34104	0.44631	0.59678
0.25807	0.86879	0.75983
0.70238	0.60871	0.23482
0.43319	0.49606	0.98772
0.27407	0.18399	0.45613
0.27781	0.19624	0.45853
0.42871	0.49581	0.98804
0.94572	0.38769	0.46523
0.94217	0.40007	0.46272
0.47967	0.40457	0.04400
0.22714	0.50024	0.87458
0.02624	0.16253	0.53268
0.17581	0.30389	0.51962
0.46391	0.53227	0.25651
0.42666	0.68530	0.58542
0.69835	0.84208	0.34246
0.58132	0.42247	0.98573
0.60999	0.93717	0.24351
0.64643	0.76289	0.64982
0.55938	0.42098	0.98291
0.56769	0.81020	0.47207
0.56099	0.44493	0.97429
0.25685	0.16363	0.29283
0.63144	0.32816	0.11820
0.35246	0.65288	0.50902
0.24467	0.68882	0.66390
0.54212	0.43440	0.98381
0.14273	0.17737	0.60701
0.50138	0.41678	0.94735
0.13360	0.18444	0.45172
0.28016	0.55403	0.51431
0.29949	0.73637	0.36021
0.24226	0.48079	0.61984
0.51538	0.84067	0.35847
0.23514	0.58562	0.83138
0.60485	0.55291	0.03800
0.17015	0.61586	0.86110
0.48597	0.41864	0.88577
0.28889	0.66701	0.54938
0.12649	0.07485	0.49758
0.21577	0.37210	0.63435
0.13413	0.56564	0.83155
0.79646	0.74327	0.69414
0.70246	0.47558	0.15420
0.47206	0.13962	0.28657
0.70818	0.46361	0.15731
0.53284	0.14794	0.12074
0.44117	0.43775	0.04826
0.48212	0.27513	0.32374
0.70714	0.46992	0.16271
0.70807	0.28694	0.11628
0.21335	0.41430	0.56731
0.47543	0.49428	0.25416
0.22683	0.50019	0.87401
0.15407	0.32774	0.51472
0.47867	0.40372	0.04417
0.19886	0.26100	0.56041
0.19655	0.26044	0.55914
0.63467	0.37452	0.18217
0.27226	0.18319	0.45567
0.42154	0.49277	0.98989
0.94573	0.38773	0.46521
0.27069	0.87270	0.76029
0.49208	0.78416	0.41128
0.32649	0.13854	0.39124
0.00000	0.16026	0.53407
0.32900	0.13890	0.33981
0.70367	0.60991	0.23625
0.37192	0.86477	0.77306
0.40347	0.91130	0.32037
0.59868	0.76881	0.64499
0.68847	0.23616	0.13213
0.58857	0.45220	0.99005
0.56079	0.43383	0.98452
0.59463	0.67803	0.31550
0.62932	0.76317	0.64393
0.48792	0.65289	0.31176
0.27710	0.43810	0.55163
0.26705	0.42953	0.53618
0.42380	0.70092	0.53052
0.59164	0.43665	0.99277
0.63233	0.75933	0.63920
0.34604	0.22966	0.61513
0.03692	0.18837	0.55460
0.57391	0.44109	0.98766
0.54296	0.45863	0.99176
0.17542	0.57056	0.78402
0.35757	0.12660	0.13754
0.58740	0.44616	0.97904
0.60802	0.18255	0.12129
0.54221	0.80658	0.26192
0.30132	0.67053	0.56209
0.54289	0.80556	0.26201
0.55831	0.70211	0.04455
0.57728	0.45821	0.98169
0.59724	0.54329	0.03892
0.24226	0.48079	0.61984
0.19624	0.59561	0.83825
0.17021	0.61636	0.86097
0.17155	0.31544	0.46158
0.22598	0.50054	0.87313
0.23505	0.17002	0.38172
0.48920	0.42179	0.87337
0.46752	0.41797	0.89026
0.67031	0.26314	0.11327
0.47099	0.41892	0.88521
0.09241	0.19803	0.59811
0.26649	0.42717	0.53235
0.40924	0.50105	0.98539
0.55975	0.44195	0.99997
0.60822	0.18232	0.12128
0.69833	0.84204	0.34284
0.47607	0.52828	0.25158
0.33791	0.22791	0.46654
0.70321	0.45602	0.16891
0.44038	0.81428	0.24000
0.45724	0.79355	0.22706
0.41862	0.77132	0.02841
0.44035	0.81467	0.24007
0.34163	0.75884	0.00651
0.33872	0.75849	0.00637
0.61596	0.49206	0.19269
0.33950	0.63055	0.03876
0.61408	0.49282	0.19342
0.43657	0.73944	0.02653
0.52158	0.35302	0.09969
0.77484	0.72440	0.57842
0.38946	0.78587	0.03573
0.46003	0.74970	0.07262
0.45486	0.73180	0.03026
0.45264	0.77610	0.16824
0.37310	0.77229	0.03719
0.41038	0.78242	0.02544
0.41038	0.78242	0.02544
0.41348	0.77209	0.01864
0.33956	0.70527	0.55135
0.36759	0.72868	0.47557
0.36759	0.72868	0.47557
0.24696	0.08265	0.36269
0.17487	0.08779	0.34482
0.63418	0.38112	0.34935
0.44816	0.85896	0.01094
0.44795	0.85279	0.00949
0.44033	0.80470	0.01397
0.43683	0.83550	0.00715
0.47162	0.82982	0.00566
0.42683	0.79487	0.00980
0.47164	0.82986	0.00565
0.21062	0.31528	0.60174
0.44746	0.84789	0.00825
0.39783	0.79177	0.29028
0.26039	0.35794	0.66582
0.29705	0.39053	0.64519
0.42493	0.79296	0.00871
0.24396	0.27289	0.58178
0.23463	0.27320	0.57523
0.33972	0.37619	0.48376
0.79635	0.77518	0.18968
0.35696	0.14962	0.31682
0.35609	0.15657	0.31211
0.35728	0.14954	0.31716
0.41751	0.24816	0.30268
0.33517	0.36327	0.43831
0.00401	0.23869	0.53320
0.43704	0.17261	0.18273
0.50246	0.12900	0.20391
0.31769	0.59876	0.51697
0.37099	0.63302	0.60675
0.40583	0.47823	0.56783
0.41277	0.61476	0.61232
0.23235	0.65541	0.76411
0.51352	0.50956	0.61142
0.51833	0.51015	0.61195
0.15634	0.17370	0.60703
0.38592	0.36570	0.87130
0.29072	0.42900	0.51266
0.86594	0.63639	0.65195
0.35918	0.41497	0.44284
0.36405	0.38627	0.86069
0.71940	0.80087	0.25500
0.72044	0.79991	0.25489
0.42661	0.80235	0.21475
0.72794	0.78536	0.25385
0.43778	0.80233	0.21417
0.42935	0.79332	0.21719
0.44479	0.85321	0.21210
0.42616	0.80256	0.21453
0.46206	0.86763	0.72834
0.45606	0.87009	0.72859
0.50967	0.68934	0.19784
0.44521	0.85229	0.21233
0.35559	0.69991	0.10296
0.71916	0.80267	0.26166
0.66252	0.46683	0.13373
0.71951	0.80241	0.26184
0.71893	0.80293	0.26173
0.35166	0.69459	0.09770
0.49387	0.69313	0.21281
0.40179	0.82865	0.42630
0.44755	0.53307	0.26053
0.19405	0.40584	0.56994
0.21767	0.39255	0.68854
0.12540	0.23659	0.48403
0.12402	0.23756	0.48482
0.30515	0.37299	0.59379
0.50687	0.83034	0.00207
0.81610	0.45921	0.53800
0.13750	0.34058	0.55558
0.07062	0.39754	0.53214
0.06364	0.39140	0.53371
0.48136	0.82667	0.39627
0.44272	0.80201	0.42192
0.34469	0.70038	0.47769
0.40814	0.19415	0.34123
0.42972	0.23483	0.32655
0.43230	0.62494	0.57756
0.43825	0.54703	0.59043
0.42972	0.23483	0.32655
0.32004	0.60407	0.49875
0.49024	0.32307	0.14230
0.48559	0.30941	0.13994
0.48908	0.32022	0.14282
0.48998	0.31329	0.14181
0.66329	0.48395	0.16013
0.49011	0.25024	0.12486
0.49171	0.21483	0.12491
0.84778	0.33031	0.43660
0.84422	0.32882	0.43604
0.93064	0.35719	0.43908
0.76448	0.77069	0.69026
0.82702	0.46166	0.53661
0.08445	0.51816	0.93544
0.08291	0.17323	0.57310
0.63105	0.39566	0.33429
0.88864	0.33983	0.44748
0.91994	0.42519	0.48638
0.04920	0.15609	0.52550
0.04601	0.16018	0.53184
0.05236	0.40811	0.50754
0.29825	0.62956	0.50791
0.20838	0.54529	0.47991
0.45766	0.55504	0.25578
0.13201	0.37048	0.45308
0.68915	0.44781	0.22765
0.25806	0.51810	0.53827
0.43789	0.75787	0.38694
0.40268	0.15553	0.39700
0.68915	0.44781	0.22765
0.40499	0.47438	0.56291
0.26798	0.39773	0.52870
0.39752	0.45879	0.58990
0.26927	0.42256	0.52858
0.33089	0.61883	0.49914
0.18590	0.60648	0.75174
0.39042	0.89689	0.45085
0.16561	0.54496	0.77914
0.46543	0.91288	0.33814
0.49378	0.76046	0.21385
0.86937	0.41867	0.14919
0.86332	0.41139	0.15064
0.83465	0.40586	0.13203
0.40399	0.50355	0.20652
0.81464	0.41039	0.13833
0.82121	0.41411	0.13077
0.86121	0.41167	0.15211
0.85912	0.42367	0.14880
0.83185	0.40288	0.13560
0.40289	0.50432	0.20662
0.82442	0.40500	0.13767
0.82894	0.42513	0.13781
0.83428	0.42499	0.13685
0.83721	0.41056	0.12776
0.93676	0.44957	0.53904
0.88002	0.40707	0.14713
0.82684	0.41874	0.14541
0.85755	0.41947	0.13907
0.85276	0.41841	0.15138
0.84037	0.42320	0.13364
0.14111	0.35786	0.45775
0.14845	0.37068	0.46687
0.13835	0.36952	0.46183
0.14465	0.37008	0.46656
0.31661	0.74785	0.36804
0.39135	0.24536	0.35046
0.38816	0.21512	0.24270
0.31661	0.74785	0.36804
0.39662	0.69129	0.56832
0.05861	0.40781	0.50689
0.41154	0.48657	0.58812
0.73123	0.79248	0.20263
0.44682	0.48814	0.60340
0.36018	0.74585	0.26467
0.13774	0.36346	0.49018
0.17356	0.31913	0.44978
0.17356	0.31913	0.44978
0.93313	0.42090	0.50554
0.69707	0.83354	0.28801
0.34684	0.65956	0.51488
0.93313	0.42090	0.50554
0.71600	0.40536	0.12085
0.47081	0.92401	0.31206
0.71664	0.40486	0.12051
0.86845	0.64478	0.64795
0.74223	0.74316	0.70326
0.35227	0.86349	0.73303
0.18380	0.69860	0.78397
0.73282	0.37471	0.10806
0.99878	0.75657	0.64310
0.71965	0.38422	0.11650
0.72985	0.37671	0.10992
0.22887	0.78269	0.73879
0.77171	0.74300	0.62384
0.77605	0.69872	0.58000
0.85189	0.71922	0.58106
0.34885	0.87111	0.73130
0.71867	0.38601	0.11495
0.85422	0.76947	0.58403
0.79752	0.74305	0.57319
0.72076	0.38243	0.11794
0.46691	0.08926	0.14544
0.46367	0.08985	0.14540
0.16341	0.19008	0.41663
0.15347	0.19014	0.42984
0.16351	0.19011	0.41658
0.41116	0.23591	0.30173
0.21453	0.58488	0.46202
0.35032	0.40199	0.45136
0.14337	0.37565	0.57229
0.38713	0.34669	0.92294
0.08174	0.42335	0.51629
0.42463	0.51176	0.59138
0.13123	0.34839	0.48862
0.77576	0.62355	0.66055
0.39004	0.24214	0.45411
0.29025	0.39740	0.63347
0.07569	0.39099	0.52620
0.23334	0.37087	0.56998
0.14352	0.31416	0.50123
0.36660	0.76100	0.39035
0.27674	0.42912	0.29608
0.45084	0.17382	0.38080
0.40982	0.24634	0.32767
0.41032	0.24742	0.32538
0.35182	0.25447	0.40931
0.37391	0.20651	0.49963
0.50888	0.16297	0.33496
0.03702	0.54030	0.94256
0.03466	0.53939	0.94204
0.11919	0.25959	0.63879
0.43045	0.14633	0.36180
0.05379	0.49382	0.92648
0.05963	0.51354	0.91442
0.43723	0.66028	0.35119
0.07561	0.49581	0.92886
0.93693	0.74626	0.66274
0.53772	0.51155	0.61512
0.59232	0.44407	0.17258
0.83222	0.73760	0.62197
0.87563	0.70953	0.59510
0.53307	0.14775	0.26465
0.82958	0.76887	0.62509
0.40309	0.16389	0.26896
0.67992	0.23846	0.14046
0.85571	0.76191	0.63004
0.14901	0.09123	0.45795
0.47236	0.16202	0.32205
0.58588	0.43884	0.17342
0.14273	0.09179	0.45991
0.57027	0.10496	0.16232
0.14932	0.08720	0.45499
0.85806	0.74464	0.61423
0.65707	0.37530	0.22269
0.87495	0.74622	0.60161
0.65691	0.37246	0.22362
0.87804	0.77346	0.60179
0.36733	0.14201	0.33894
0.41913	0.13067	0.45415
0.82237	0.73490	0.59803
0.89187	0.70945	0.62928
0.40817	0.33997	0.89790
0.59158	0.52905	0.04024
0.50066	0.13720	0.14361
0.59674	0.50490	0.23542
0.51804	0.16636	0.14788
0.87816	0.72763	0.63134
0.43709	0.86143	0.68796
0.61239	0.50460	0.09881
0.60722	0.50716	0.09524
0.56271	0.80844	0.47965
0.90094	0.73120	0.58089
0.42748	0.87516	0.67543
0.52154	0.40786	0.07723
0.52628	0.37748	0.09481
0.40299	0.89736	0.68677
0.87676	0.71986	0.56972
0.88019	0.74866	0.57532
0.54126	0.36392	0.09666
0.52656	0.37833	0.09601
0.84850	0.75845	0.59941
0.33467	0.61363	0.10190
0.33004	0.61775	0.04953
0.85551	0.71403	0.60870
0.52683	0.37921	0.09710
0.52019	0.40535	0.07758
0.33053	0.61849	0.04976
0.38588	0.77336	0.19251
0.56800	0.83782	0.35690
0.86285	0.69325	0.63495
0.24504	0.79474	0.86389
0.37239	0.39494	0.35185
0.91815	0.73102	0.60956
0.84930	0.72698	0.56995
0.36118	0.74180	0.28728
0.83996	0.78005	0.59749
0.33186	0.62382	0.04769
0.79877	0.63968	0.62989
0.89094	0.70605	0.58048
0.60877	0.50250	0.14937
0.21175	0.36593	0.64034
0.81292	0.71618	0.58163
0.80240	0.77038	0.67699
0.77544	0.72149	0.62688
0.75350	0.72995	0.61104
0.20799	0.70150	0.76786
0.88892	0.69062	0.62152
0.60860	0.50255	0.14905
0.38774	0.76525	0.03125
0.40046	0.79918	0.39535
0.34508	0.82406	0.68314
0.34374	0.82209	0.68464
0.01974	0.50302	0.93140
0.35894	0.69550	0.02744
0.36042	0.64844	0.09724
0.42198	0.70660	0.20170
0.20941	0.70310	0.76705
0.78173	0.73782	0.60728
0.80435	0.75291	0.60391
0.85283	0.73023	0.60060
0.32100	0.57287	0.04821
0.52282	0.41049	0.07651
0.25663	0.70583	0.74303
0.27294	0.76986	0.69414
0.36076	0.62119	0.09544
0.30474	0.83087	0.80346
0.88262	0.68264	0.58701
0.45546	0.80139	0.43270
0.21418	0.71204	0.76306
0.33253	0.62105	0.09193
0.34420	0.82627	0.68710
0.34403	0.82436	0.68586
0.35244	0.62820	0.09175
0.20799	0.70149	0.76784
0.83104	0.67091	0.61559
0.86491	0.66913	0.59618
0.93334	0.67595	0.63099
0.77219	0.69810	0.62348
0.42582	0.78028	0.74282
0.34491	0.62062	0.09035
0.56895	0.81123	0.47843
0.23171	0.75793	0.72677
0.30205	0.82885	0.80608
0.43663	0.86654	0.33468
0.95466	0.43145	0.42376
0.46173	0.88625	0.33069
0.46144	0.88624	0.33064
0.95466	0.43145	0.42376
0.45757	0.89212	0.33114
0.46490	0.89259	0.33057
0.36517	0.66551	0.22954
0.36608	0.69962	0.21814
0.36613	0.69961	0.21807
0.36613	0.66600	0.22991
0.23271	0.77454	0.71618
0.38478	0.71504	0.21919
0.38950	0.70906	0.22365
0.43619	0.86364	0.33397
0.46648	0.87224	0.32768
0.38950	0.70906	0.22365
0.46649	0.87225	0.32768
0.52045	0.76773	0.22568
0.46161	0.40303	0.13479
0.45747	0.40147	0.14188
0.32033	0.65312	0.10399
0.48032	0.78465	0.20094
0.73679	0.22168	0.09292
0.73693	0.22223	0.09292
0.48509	0.78416	0.19590
0.48513	0.78081	0.19223
0.73408	0.26421	0.15561
0.46859	0.78458	0.20734
0.47339	0.78724	0.20992
0.73428	0.26366	0.15553
0.65329	0.41629	0.18875
0.56140	0.39793	0.06628
0.47548	0.78475	0.20213
0.23905	0.78321	0.70712
0.56613	0.39801	0.06590
0.18110	0.23112	0.27961
0.87514	0.46713	0.48982
0.40005	0.38708	0.15668
0.35171	0.39594	0.13164
0.40772	0.72660	0.48643
0.38115	0.67434	0.51697
0.36021	0.39416	0.13294
0.44916	0.70009	0.52388
0.38489	0.88632	0.51746
0.38533	0.40036	0.14512
0.35175	0.39594	0.13165
0.35538	0.39758	0.13562
0.37253	0.90244	0.50458
0.38653	0.88375	0.51909
0.38083	0.39208	0.14917
0.37463	0.40737	0.13228
0.36320	0.36098	0.97479
0.36484	0.35975	0.97315
0.37463	0.40737	0.13228
0.46626	0.43256	0.85787
0.36366	0.39255	0.13043
0.42001	0.91442	0.31656
0.62660	0.94765	0.24989
0.62578	0.94692	0.24919
0.26617	0.84134	0.76065
0.62447	0.94287	0.24754
0.35755	0.21547	0.36184
0.21820	0.10660	0.27306
0.38799	0.24175	0.38475
0.79756	0.77130	0.18087
0.49208	0.24860	0.40003
0.49208	0.24860	0.40003
0.48293	0.43593	0.42195
0.42936	0.43191	0.39421
0.21113	0.11482	0.26860
0.49750	0.25583	0.40057
0.48365	0.43589	0.42176
0.46591	0.13783	0.35563
0.59904	0.13386	0.19921
0.57767	0.12750	0.22127
0.37026	0.98068	0.78519
0.19831	0.75648	0.85954
0.33440	0.90778	0.76274
0.37819	0.97418	0.78440
0.36229	0.98660	0.78024
0.33706	0.90938	0.76715
0.34102	0.91054	0.77184
0.36897	0.97479	0.77959
0.76293	0.71298	0.59468
0.39003	0.78047	0.28933
0.49831	0.31585	0.15675
0.64018	0.19528	0.15361
0.50480	0.29976	0.16577
0.58609	0.40799	0.17868
0.52166	0.14777	0.16438
0.72411	0.26803	0.10498
0.44436	0.13027	0.35800
0.86412	0.68944	0.60822
0.72412	0.26803	0.10498
0.72412	0.26803	0.10498
0.44736	0.19858	0.31218
0.65604	0.20670	0.14188
0.61078	0.21708	0.13772
0.57880	0.09997	0.14013
0.65304	0.22020	0.14362
0.55249	0.77682	0.22139
0.53093	0.76868	0.22730
0.64880	0.61989	0.16210
0.57201	0.82818	0.20470
0.37432	0.90034	0.50675
0.17396	0.24383	0.31904
0.29968	0.51869	0.16631
0.46670	0.43351	0.85661
0.31430	0.89029	0.77967
0.42080	0.28751	0.09039
0.42080	0.28751	0.09039
0.40005	0.38708	0.15668
0.43552	0.37042	0.15452
0.62743	0.56381	0.12447
0.43389	0.26942	0.11416
0.41285	0.60073	0.09068
0.16941	0.24895	0.32103
0.41061	0.20278	0.12437
0.18713	0.75550	0.87231
0.18610	0.75561	0.87300
0.43389	0.26942	0.11415
0.62744	0.56384	0.12448
0.36921	0.98362	0.80043
0.36977	0.98021	0.77832
0.37226	0.98461	0.78317
0.38151	0.98319	0.77988
0.55892	0.77293	0.22125
0.35902	0.97701	0.78371
0.38952	0.51889	0.62481
0.34577	0.44198	0.58702
0.42995	0.74558	0.53033
0.22441	0.67037	0.48011
0.27143	0.59816	0.61711
0.29951	0.67705	0.50092
0.27143	0.59816	0.61711
0.30166	0.75152	0.32416
0.33511	0.68878	0.47652
0.08786	0.36745	0.51184
0.68083	0.63843	0.63495
0.44316	0.58972	0.58827
0.42587	0.50234	0.61125
0.32584	0.66763	0.51631
0.15216	0.14290	0.56835
0.47083	0.50895	0.60500
0.19700	0.17618	0.44598
0.77566	0.62472	0.65880
0.19103	0.21639	0.30118
0.28509	0.17735	0.28654
0.24761	0.55901	0.91197
0.22388	0.14140	0.30000
0.18501	0.22249	0.29177
0.18751	0.27987	0.30114
0.32235	0.31846	0.63481
0.20548	0.25846	0.19131
0.18029	0.23074	0.27879
0.76266	0.91213	0.26561
0.73034	0.83286	0.25855
0.72764	0.79138	0.19870
0.28704	0.63014	0.58858
0.45591	0.52036	0.60036
0.33886	0.26740	0.46155
0.34416	0.46081	0.46311
0.34598	0.23069	0.60757
0.25025	0.56642	0.63528
0.25025	0.56646	0.63528
0.39224	0.52123	0.62330
0.15363	0.40004	0.45701
0.37714	0.35598	0.42100
0.45768	0.51877	0.60159
0.30410	0.59015	0.50553
0.15503	0.39982	0.45659
0.56553	0.82924	0.37581
0.40181	0.36374	0.12051
0.80147	0.76452	0.20793
0.61002	0.73969	0.05390
0.16636	0.42399	0.49305
0.28348	0.63114	0.58404
0.27255	0.64399	0.53411
0.35926	0.20799	0.54055
0.34994	0.21787	0.50119
0.46228	0.14883	0.21699
0.21679	0.36376	0.59072
0.22228	0.37244	0.60348
0.23455	0.48258	0.62050
0.67556	0.41838	0.24097
0.04886	0.17908	0.54433
0.08133	0.13348	0.51399
0.63464	0.15265	0.16484
0.75267	0.73631	0.70316
0.16104	0.13849	0.55741
0.51133	0.50989	0.61026
0.16099	0.13849	0.55743
0.64733	0.41227	0.18562
0.36912	0.08821	0.12776
0.34046	0.17918	0.33924
0.50222	0.11484	0.23293
0.83661	0.45831	0.14727
0.37571	0.08682	0.12817
0.30026	0.37715	0.23633
0.29903	0.37812	0.23175
0.68763	0.87611	0.30725
0.26284	0.12309	0.36383
0.59730	0.16330	0.15946
0.33813	0.10846	0.21637
0.50436	0.32065	0.17469
0.51674	0.20672	0.26618
0.46760	0.14203	0.31405
0.30064	0.37650	0.23765
0.57326	0.41066	0.15264
0.47044	0.50737	0.26675
0.51010	0.19584	0.26947
0.61467	0.18543	0.14743
0.57749	0.22618	0.13556
0.60525	0.19257	0.14746
0.58140	0.20972	0.13832
0.58918	0.20329	0.14135
0.34101	0.11085	0.38175
0.67159	0.42638	0.24334
0.95468	0.39494	0.47257
0.30632	0.23426	0.47808
0.42756	0.65482	0.35062
0.39704	0.28165	0.20166
0.39841	0.37897	0.18018
0.47203	0.51037	0.26631
0.30577	0.20868	0.30938
0.38952	0.10543	0.40463
0.34026	0.11152	0.20655
0.36599	0.44984	0.37049
0.19591	0.24536	0.30724
0.32242	0.15881	0.34114
0.29121	0.15727	0.34201
0.37058	0.25636	0.45604
0.41435	0.15898	0.21334
0.16281	0.27208	0.47844
0.33591	0.14749	0.34331
0.55445	0.12565	0.25122
0.93965	0.40436	0.47388
0.30518	0.20879	0.30700
0.44464	0.72578	0.53570
0.44577	0.70104	0.55286
0.44464	0.72578	0.53570
0.44733	0.68815	0.56208
0.21770	0.76699	0.71646
0.42985	0.68830	0.55633
0.33132	0.87434	0.77004
0.29033	0.83630	0.75763
0.20585	0.58959	0.76038
0.47381	0.86018	0.34491
0.48490	0.08672	0.23659
0.80242	0.77495	0.59704
0.18989	0.58416	0.77860
0.37386	0.77384	0.79394
0.37789	0.77519	0.79109
0.59293	0.18567	0.10622
0.58463	0.50850	0.14119
0.59132	0.18589	0.10454
0.36931	0.36543	0.10784
0.60927	0.86270	0.20484
0.46588	0.86251	0.33927
0.31960	0.39478	0.09063
0.36721	0.36564	0.10701
0.46420	0.87163	0.34413
0.23504	0.83624	0.73645
0.35944	0.74430	0.27620
0.48533	0.08718	0.23623
0.46980	0.86863	0.34715
0.46757	0.52274	0.26250
0.65416	0.37880	0.07745
0.47394	0.40073	0.14688
0.60665	0.35680	0.12461
0.32067	0.39603	0.09055
0.52696	0.13148	0.14913
0.49990	0.14450	0.30382
0.66251	0.42233	0.22656
0.58606	0.14539	0.15605
0.62850	0.31670	0.11317
0.54369	0.13801	0.15255
0.59722	0.14279	0.21134
0.39308	0.26340	0.28959
0.44119	0.22765	0.11338
0.53826	0.14342	0.23555
0.64627	0.20481	0.14070
0.65121	0.45611	0.15953
0.55290	0.16690	0.13691
0.44800	0.17232	0.18724
0.42325	0.26079	0.11518
0.38912	0.26314	0.47465
0.38870	0.23165	0.48425
0.30372	0.20822	0.42731
0.19096	0.30134	0.43590
0.10714	0.28596	0.54417
0.38772	0.22999	0.48584
0.22749	0.65674	0.49910
0.30485	0.20835	0.42510
0.39133	0.77261	0.39526
0.22399	0.65812	0.49865
0.21104	0.65923	0.49325
0.39027	0.77219	0.39477
0.30166	0.75181	0.32402
0.34473	0.11700	0.26012
0.68474	0.42599	0.17220
0.55480	0.80571	0.48125
0.87203	0.73119	0.58674
0.57243	0.17875	0.13944
0.85410	0.77378	0.61380
0.67100	0.50926	0.15692
0.83560	0.71771	0.59189
0.47234	0.22849	0.28578
0.48098	0.24073	0.27441
0.49454	0.22217	0.30188
0.37146	0.37083	0.40247
0.61040	0.74632	0.05774
0.38870	0.36718	0.37468
0.51697	0.82087	0.44293
0.15508	0.62502	0.49253
0.83332	0.75343	0.61025
0.50645	0.21660	0.30480
0.47341	0.56814	0.24884
0.80373	0.76219	0.20664
0.49985	0.20596	0.34745
0.48017	0.19386	0.33404
0.71937	0.45194	0.22812
0.46542	0.57400	0.26387
0.45238	0.78682	0.73002
0.31439	0.81760	0.76299
0.16955	0.56183	0.77386
0.18286	0.55921	0.77392
0.33714	0.78341	0.67221
0.45238	0.78682	0.73002
0.40758	0.34324	0.90206
0.45252	0.78692	0.72994
0.45252	0.78692	0.72994
0.32001	0.69472	0.55171
0.53548	0.82668	0.44781
0.80843	0.39747	0.12663
0.36392	0.77262	0.02430
0.54699	0.81374	0.46837
0.84943	0.74453	0.58889
0.40396	0.73528	0.02868
0.53273	0.82200	0.44962
0.45260	0.15050	0.28643
0.19563	0.61513	0.83345
0.33977	0.76032	0.65813
0.53941	0.83599	0.38617
0.61598	0.10193	0.20411
0.38877	0.77658	0.28953
0.36270	0.74096	0.28659
0.51260	0.86707	0.37372
0.33977	0.76032	0.65813
0.17660	0.56035	0.77363
0.17660	0.56035	0.77363
0.43762	0.72012	0.02794
0.37006	0.21546	0.49593
0.35469	0.76440	0.02293
0.58909	0.83743	0.36186
0.36689	0.77190	0.02271
0.63442	0.68597	0.15880
0.37155	0.77105	0.00617
0.38324	0.78125	0.00446
0.33894	0.60379	0.09592
0.32682	0.59064	0.11578
0.36289	0.76482	0.02704
0.38141	0.75736	0.01488
0.35379	0.62727	0.08951
0.40161	0.80593	0.00000
0.43488	0.71781	0.03105
0.41445	0.72298	0.03696
0.36128	0.76348	0.01918
0.36832	0.76266	0.02462
0.80089	0.37002	0.11577
0.80841	0.39747	0.12664
0.41944	0.72268	0.03006
0.44506	0.79191	0.22316
0.38794	0.77155	0.07427
0.49596	0.40948	0.04586
0.42281	0.71891	0.02316
0.77139	0.35343	0.10921
0.40899	0.73099	0.02251
0.80089	0.37002	0.11577
0.45523	0.58336	0.27538
0.42960	0.25725	0.32406
0.42763	0.65999	0.31881
0.46007	0.18452	0.34061
0.40448	0.83873	0.43824
0.36255	0.90891	0.42304
0.36303	0.90894	0.42289
0.17038	0.29111	0.29256
0.17045	0.29099	0.29263
0.39077	0.89621	0.44905
0.17225	0.28949	0.29348
0.35475	0.62310	0.08833
0.35488	0.61911	0.08671
0.01809	0.22114	0.58919
0.36548	0.62132	0.38758
0.92431	0.38057	0.45663
0.19117	0.53150	0.95394
0.03430	0.50117	0.91879
0.21028	0.50658	0.93023
0.13438	0.67353	0.82910
0.21360	0.66494	0.77055
0.24658	0.76307	0.92261
0.28758	0.56246	0.94780
0.02780	0.48659	0.91843
0.26904	0.55424	0.95325
0.90856	0.40506	0.48558
0.38647	0.28869	0.40126
0.36056	0.28892	0.43930
0.34746	0.27333	0.44640
0.38208	0.29317	0.41139
0.19627	0.30076	0.44209
0.92298	0.35606	0.42849
0.32383	0.11669	0.24685
0.92250	0.36134	0.42976
