0.490771	0.274763	0.050932	0.050932
0.082061	0.175049	0.369692	0.369692
0.024868	0.270022	0.462074	0.462074
0.346378	0.097478	0.153182	0.153182
0.043450	0.288795	0.482454	0.482454
0.033223	0.265911	0.462447	0.462447
0.060301	0.315461	0.501341	0.501341
0.366720	0.137326	0.101124	0.101124
0.067705	0.198521	0.402761	0.402761
0.315911	0.073923	0.163771	0.163771
0.656120	0.472633	0.237037	0.237037
0.080457	0.178826	0.379824	0.379824
0.097405	0.167423	0.376963	0.376963
0.025042	0.272444	0.463708	0.463708
0.011467	0.246015	0.432934	0.432934
0.005618	0.260944	0.446904	0.446904
0.577108	0.375704	0.140987	0.140987
0.502732	0.312469	0.078524	0.078524
0.030053	0.280559	0.470712	0.470712
0.028119	0.277178	0.467982	0.467982
0.040955	0.240057	0.440979	0.440979
0.348933	0.105944	0.138407	0.138407
0.131022	0.136505	0.354449	0.354449
0.278527	0.049467	0.188898	0.188898
0.025804	0.271562	0.463524	0.463524
0.267489	0.113184	0.174216	0.174216
0.266382	0.033920	0.205569	0.205569
0.344369	0.101698	0.141268	0.141268
0.432962	0.253626	0.051376	0.051376
0.035831	0.273266	0.469117	0.469117
0.308558	0.064887	0.172579	0.172579
0.297142	0.075373	0.162860	0.162860
0.326095	0.071837	0.223049	0.223049
0.163137	0.100149	0.287746	0.287746
0.037881	0.279099	0.474010	0.474010
0.043925	0.220243	0.418282	0.418282
0.055682	0.219211	0.423562	0.423562
0.074201	0.184791	0.384253	0.384253
0.713722	0.505747	0.275197	0.275197
0.052798	0.245878	0.451236	0.451236
0.060301	0.315461	0.501341	0.501341
0.044171	0.295467	0.485573	0.485573
0.060301	0.315461	0.501341	0.501341
0.339918	0.206147	0.130442	0.130442
0.366930	0.187887	0.078889	0.078889
0.160222	0.146398	0.282949	0.282949
0.045781	0.249664	0.452459	0.452459
0.060301	0.315461	0.501341	0.501341
0.044171	0.295467	0.485573	0.485573
0.181319	0.076329	0.283244	0.283244
0.107236	0.155885	0.366099	0.366099
0.366930	0.187887	0.078889	0.078889
0.160222	0.146398	0.282949	0.282949
0.064334	0.207224	0.412832	0.412832
0.035291	0.279807	0.473213	0.473213
0.350571	0.153634	0.091885	0.091885
0.369613	0.212598	0.095404	0.095404
0.046067	0.297316	0.487496	0.487496
0.044862	0.251364	0.453760	0.453760
0.034155	0.275819	0.470164	0.470164
0.154368	0.102876	0.306488	0.306488
0.212182	0.045887	0.259580	0.259580
0.366047	0.144893	0.091108	0.091108
0.055308	0.213928	0.416634	0.416634
0.052640	0.208029	0.389399	0.389399
0.073577	0.186563	0.387447	0.387447
0.024339	0.241185	0.434888	0.434888
0.086423	0.174388	0.378399	0.378399
0.499039	0.310788	0.077964	0.077964
0.303636	0.048512	0.197987	0.197987
0.061825	0.204699	0.407808	0.407808
0.150259	0.108144	0.305208	0.305208
0.039004	0.289577	0.480062	0.480062
0.068597	0.198358	0.403146	0.403146
0.052550	0.250225	0.455340	0.455340
0.245492	0.021131	0.230367	0.230367
0.377155	0.123445	0.154899	0.154899
0.083626	0.176577	0.379373	0.379373
0.355338	0.106183	0.148326	0.148326
0.048711	0.252958	0.456603	0.456603
0.389857	0.194728	0.052201	0.052201
0.221909	0.139080	0.223633	0.223633
0.041480	0.217382	0.411054	0.411054
0.188251	0.073418	0.269877	0.269877
0.464041	0.248705	0.027910	0.027910
0.056067	0.201216	0.393746	0.393746
0.209835	0.049512	0.276907	0.276907
0.107319	0.160411	0.373692	0.373692
0.178011	0.080625	0.299527	0.299527
0.048130	0.302823	0.489633	0.489633
0.015863	0.241604	0.429160	0.429160
0.216511	0.047176	0.247926	0.247926
0.048976	0.217151	0.417206	0.417206
0.072531	0.190126	0.393155	0.393155
0.027347	0.266122	0.460294	0.460294
0.123295	0.151088	0.370476	0.370476
0.343839	0.119179	0.116679	0.116679
0.282324	0.033240	0.203142	0.203142
0.270761	0.054680	0.189631	0.189631
0.027780	0.259907	0.431862	0.431862
0.273235	0.028852	0.207141	0.207141
0.329933	0.106459	0.129506	0.129506
0.061617	0.224302	0.387618	0.387618
0.187716	0.075852	0.268101	0.268101
0.235660	0.028781	0.236359	0.236359
0.192710	0.144088	0.252718	0.252718
0.064382	0.192720	0.384057	0.384057
0.027473	0.229628	0.416796	0.416796
0.528533	0.336503	0.101127	0.101127
0.120268	0.144645	0.358814	0.358814
0.024092	0.271193	0.462472	0.462472
0.044079	0.291887	0.484284	0.484284
0.017995	0.240169	0.428994	0.428994
0.035409	0.221688	0.410008	0.410008
0.548535	0.336786	0.107075	0.107075
0.058067	0.204856	0.405186	0.405186
0.363377	0.126069	0.116793	0.116793
0.327799	0.088101	0.150110	0.150110
0.076773	0.206430	0.417795	0.417795
0.158013	0.099461	0.310441	0.310441
0.224500	0.049841	0.285266	0.285266
0.106117	0.151549	0.353454	0.353454
0.222478	0.036203	0.265639	0.265639
0.328669	0.072104	0.210090	0.210090
0.328872	0.098469	0.137512	0.137512
0.040668	0.288060	0.480511	0.480511
0.098547	0.166375	0.376207	0.376207
0.536483	0.309620	0.102058	0.102058
0.035687	0.254428	0.453347	0.453347
0.094548	0.170005	0.378784	0.378784
0.475225	0.257937	0.038791	0.038791
0.251555	0.064190	0.200054	0.200054
0.316107	0.076549	0.160380	0.160380
0.068886	0.213425	0.377355	0.377355
0.017359	0.241240	0.430355	0.430355
0.122006	0.149693	0.367815	0.367815
0.130162	0.127797	0.323017	0.323017
0.073432	0.217948	0.429500	0.429500
0.073146	0.188104	0.390061	0.390061
0.315450	0.064470	0.179284	0.179284
0.023014	0.234730	0.419223	0.419223
0.047416	0.211157	0.405444	0.405444
0.060301	0.315461	0.501341	0.501341
0.044402	0.263407	0.464489	0.464489
0.060301	0.315461	0.501341	0.501341
0.060301	0.315461	0.501341	0.501341
0.550354	0.371413	0.139169	0.139169
0.035512	0.255483	0.454260	0.454260
0.064364	0.213418	0.420623	0.420623
0.182097	0.077327	0.277941	0.277941
0.034433	0.257117	0.455358	0.455358
0.012088	0.250554	0.440015	0.440015
0.101509	0.156107	0.357038	0.357038
0.043442	0.288272	0.482177	0.482177
0.122361	0.134740	0.335419	0.335419
0.060301	0.315461	0.501341	0.501341
0.140002	0.150776	0.377168	0.377168
0.019184	0.249483	0.442040	0.442040
0.024077	0.240104	0.433379	0.433379
0.107106	0.160224	0.373247	0.373247
0.174954	0.082695	0.288083	0.288083
0.038601	0.280499	0.475237	0.475237
0.205453	0.052861	0.263501	0.263501
0.033973	0.264761	0.461798	0.461798
0.349679	0.094321	0.174276	0.174276
0.392706	0.224466	0.073495	0.073495
0.160755	0.105079	0.287646	0.287646
0.042127	0.268177	0.467651	0.467651
0.038626	0.226929	0.424330	0.424330
0.062594	0.194622	0.387673	0.387673
0.074313	0.209617	0.420477	0.420477
0.291432	0.109178	0.151699	0.151699
0.413062	0.250286	0.078408	0.078408
0.175841	0.081981	0.286730	0.286730
0.359405	0.186141	0.088001	0.088001
0.073146	0.188104	0.390061	0.390061
0.246518	0.013065	0.248301	0.248301
0.386504	0.221474	0.079674	0.079674
0.014529	0.258369	0.448821	0.448821
0.036741	0.279668	0.473836	0.473836
0.060301	0.315461	0.501341	0.501341
0.329970	0.072873	0.200581	0.200581
0.044539	0.292331	0.484758	0.484758
0.062426	0.220585	0.385093	0.385093
0.396717	0.141255	0.161178	0.161178
0.380452	0.125402	0.161589	0.161589
0.041453	0.217734	0.411779	0.411779
0.387079	0.226987	0.085665	0.085665
0.143915	0.145950	0.372913	0.372913
0.420040	0.222484	0.024410	0.024410
0.053411	0.226267	0.430853	0.430853
0.044238	0.292056	0.484454	0.484454
0.321733	0.075672	0.165104	0.165104
0.035605	0.278288	0.472433	0.472433
0.110661	0.147971	0.353244	0.353244
0.217535	0.058571	0.237729	0.237729
0.261959	0.011709	0.224473	0.224473
0.040319	0.287859	0.480212	0.480212
0.058705	0.221132	0.427215	0.427215
0.100394	0.164327	0.374393	0.374393
0.394889	0.137913	0.180627	0.180627
0.167485	0.091621	0.289844	0.289844
0.430399	0.181366	0.121373	0.121373
0.050368	0.238243	0.442682	0.442682
0.042610	0.253611	0.455080	0.455080
0.333275	0.097749	0.139518	0.139518
0.048656	0.221182	0.394540	0.394540
0.189665	0.081053	0.261003	0.261003
0.026115	0.273304	0.464761	0.464761
0.344811	0.088321	0.184230	0.184230
0.416804	0.240413	0.056040	0.056040
0.398315	0.145649	0.143486	0.143486
0.327745	0.083984	0.156374	0.156374
0.089523	0.184626	0.396816	0.396816
0.060301	0.315461	0.501341	0.501341
0.363693	0.151834	0.084879	0.084879
0.050140	0.305002	0.491553	0.491553
0.246407	0.011269	0.245169	0.245169
0.059875	0.198793	0.383760	0.383760
0.461488	0.269167	0.039258	0.039258
0.581905	0.376439	0.143265	0.143265
0.066064	0.193241	0.391740	0.391740
0.039604	0.289193	0.480333	0.480333
0.072199	0.210999	0.421199	0.421199
0.019479	0.265328	0.456398	0.456398
0.028588	0.267154	0.461592	0.461592
0.105988	0.153351	0.359049	0.359049
0.123072	0.136899	0.325289	0.325289
0.057752	0.212880	0.416626	0.416626
0.356252	0.156396	0.086669	0.086669
0.021602	0.241920	0.434341	0.434341
0.088983	0.172704	0.354442	0.354442
0.141398	0.115844	0.316959	0.316959
0.062470	0.226665	0.434906	0.434906
0.330312	0.148642	0.111430	0.111430
0.371112	0.123208	0.135845	0.135845
0.127716	0.129386	0.331033	0.331033
0.161705	0.096755	0.295857	0.295857
0.034127	0.266186	0.463017	0.463017
0.110110	0.147893	0.351564	0.351564
0.025711	0.270717	0.462926	0.462926
0.123928	0.134603	0.342132	0.342132
0.095094	0.162435	0.361958	0.361958
0.044342	0.289473	0.483293	0.483293
0.469565	0.266420	0.030621	0.030621
0.425553	0.177374	0.118202	0.118202
0.517087	0.265782	0.156312	0.156312
0.043171	0.231457	0.432343	0.432343
0.390334	0.165687	0.073536	0.073536
0.350342	0.126556	0.109346	0.109346
0.038315	0.265598	0.464122	0.464122
0.423182	0.232978	0.032408	0.032408
0.060301	0.315461	0.501341	0.501341
0.410849	0.187924	0.054310	0.054310
0.466130	0.240063	0.050060	0.050060
0.042574	0.278128	0.475408	0.475408
0.248948	0.008438	0.239170	0.239170
0.267927	0.060221	0.284000	0.284000
0.496131	0.263097	0.081619	0.081619
0.184479	0.073979	0.278267	0.278267
0.132745	0.125371	0.320414	0.320414
0.029372	0.243322	0.439724	0.439724
0.019429	0.266818	0.457422	0.457422
0.039834	0.278903	0.474762	0.474762
0.039588	0.286681	0.479226	0.479226
0.166570	0.098470	0.321928	0.321928
0.079900	0.178425	0.377661	0.377661
0.146248	0.130568	0.355202	0.355202
0.106576	0.162288	0.335465	0.335465
0.079216	0.178568	0.367627	0.367627
0.429683	0.203126	0.051621	0.051621
0.227258	0.039478	0.274171	0.274171
0.069906	0.188126	0.375456	0.375456
0.085194	0.175399	0.358660	0.358660
0.066121	0.191354	0.380174	0.380174
0.047865	0.210155	0.395648	0.395648
0.446250	0.222798	0.040052	0.040052
0.458099	0.231501	0.049028	0.049028
0.058143	0.200561	0.385330	0.385330
0.086730	0.170961	0.361219	0.361219
0.039817	0.218510	0.411184	0.411184
0.445444	0.216211	0.055077	0.055077
0.065701	0.191521	0.381627	0.381627
0.028922	0.231400	0.424068	0.424068
0.065473	0.195540	0.376947	0.376947
0.028887	0.229884	0.421261	0.421261
0.419073	0.203496	0.034799	0.034799
0.471321	0.251566	0.039672	0.039672
0.100582	0.157697	0.347623	0.347623
0.066451	0.193508	0.376570	0.376570
0.302241	0.048062	0.227815	0.227815
0.377677	0.128267	0.137312	0.137312
0.095891	0.191298	0.407943	0.407943
0.095891	0.191298	0.407943	0.407943
0.044888	0.296652	0.486404	0.486404
0.045703	0.297873	0.487300	0.487300
0.105995	0.160116	0.336646	0.336646
0.093761	0.166844	0.350772	0.350772
0.044418	0.294901	0.485611	0.485611
0.043119	0.293853	0.484350	0.484350
0.060301	0.315461	0.501341	0.501341
0.060301	0.315461	0.501341	0.501341
0.285628	0.037816	0.243009	0.243009
0.060301	0.315461	0.501341	0.501341
0.389743	0.141837	0.126976	0.126976
0.353076	0.096856	0.178809	0.178809
0.209137	0.058966	0.291576	0.291576
0.589705	0.401511	0.165899	0.165899
0.060301	0.315461	0.501341	0.501341
0.182655	0.077245	0.276665	0.276665
0.389770	0.142935	0.123469	0.123469
0.060301	0.315461	0.501341	0.501341
0.334866	0.079207	0.182698	0.182698
0.209137	0.058966	0.291576	0.291576
0.585763	0.397546	0.161964	0.161964
0.326450	0.069900	0.210795	0.210795
0.422634	0.185123	0.082869	0.082869
0.046225	0.298783	0.487875	0.487875
0.038764	0.288752	0.479608	0.479608
0.429129	0.234707	0.023802	0.023802
0.356111	0.100064	0.176330	0.176330
0.346885	0.098556	0.151431	0.151431
0.095891	0.191298	0.407943	0.407943
0.292491	0.168716	0.161476	0.161476
0.534073	0.340960	0.105338	0.105338
0.563584	0.370268	0.134455	0.134455
0.226255	0.043188	0.278236	0.278236
0.271496	0.029368	0.250185	0.250185
0.044666	0.295993	0.486085	0.486085
0.030104	0.275528	0.468079	0.468079
0.030124	0.275582	0.468122	0.468122
0.041923	0.293463	0.483336	0.483336
0.092701	0.188834	0.403684	0.403684
0.226255	0.043188	0.278236	0.278236
0.042723	0.234516	0.404779	0.404779
0.060301	0.315461	0.501341	0.501341
0.400980	0.150668	0.132067	0.132067
0.510008	0.316622	0.081406	0.081406
0.287855	0.032808	0.208439	0.208439
0.032234	0.243711	0.416401	0.416401
0.030122	0.275552	0.468103	0.468103
0.029141	0.274273	0.466835	0.466835
0.088985	0.168980	0.358524	0.358524
0.029278	0.274702	0.467169	0.467169
0.030122	0.275547	0.468100	0.468100
0.178459	0.089919	0.271345	0.271345
0.592172	0.404045	0.168420	0.168420
0.302751	0.049022	0.194651	0.194651
0.341366	0.086236	0.176813	0.176813
0.095891	0.191298	0.407943	0.407943
0.120329	0.161184	0.381998	0.381998
0.562308	0.370789	0.135074	0.135074
0.042533	0.296258	0.484226	0.484226
0.025731	0.266661	0.460043	0.460043
0.036094	0.221666	0.412785	0.412785
0.085606	0.171711	0.363599	0.363599
0.038331	0.287568	0.478865	0.478865
0.027666	0.236902	0.431236	0.431236
0.592172	0.404045	0.168420	0.168420
0.121960	0.158939	0.379939	0.379939
0.339130	0.083806	0.178862	0.178862
0.513866	0.320847	0.085608	0.085608
0.209137	0.058966	0.291576	0.291576
0.095891	0.191298	0.407943	0.407943
0.029335	0.280083	0.470059	0.470059
0.045917	0.298349	0.487551	0.487551
0.051570	0.205561	0.396435	0.396435
0.035162	0.223472	0.415783	0.415783
0.045341	0.297234	0.486888	0.486888
0.029196	0.279903	0.469896	0.469896
0.562733	0.368160	0.132342	0.132342
0.060301	0.315461	0.501341	0.501341
0.060301	0.315461	0.501341	0.501341
0.511134	0.317892	0.082677	0.082677
0.519702	0.276079	0.125445	0.125445
0.042954	0.292887	0.483930	0.483930
0.092010	0.168309	0.352614	0.352614
0.109575	0.159801	0.332485	0.332485
0.063185	0.195845	0.380333	0.380333
0.025690	0.275981	0.465997	0.465997
0.044580	0.296122	0.486046	0.486046
0.198565	0.076319	0.251811	0.251811
0.555609	0.326308	0.122061	0.122061
0.032889	0.242929	0.415525	0.415525
0.081178	0.187319	0.360520	0.360520
0.060738	0.201661	0.381124	0.381124
0.087910	0.175954	0.354521	0.354521
0.062959	0.196635	0.380092	0.380092
0.055878	0.202468	0.387820	0.387820
0.129119	0.143566	0.313157	0.313157
0.084619	0.179207	0.357679	0.357679
0.107445	0.162553	0.334462	0.334462
0.104297	0.164376	0.337701	0.337701
0.079460	0.189373	0.362262	0.362262
0.089808	0.174206	0.352665	0.352665
0.108629	0.166416	0.333080	0.333080
0.103627	0.162843	0.338795	0.338795
0.093387	0.171334	0.349039	0.349039
0.203366	0.061976	0.292592	0.292592
0.100601	0.159011	0.364137	0.364137
0.515688	0.308566	0.075157	0.075157
0.218238	0.067352	0.232417	0.232417
0.425670	0.207335	0.035109	0.035109
0.442827	0.251072	0.029679	0.029679
0.051447	0.243034	0.447955	0.447955
0.060301	0.315461	0.501341	0.501341
0.367595	0.160384	0.077766	0.077766
0.149647	0.115448	0.335594	0.335594
0.515688	0.308566	0.075157	0.075157
0.026679	0.233768	0.426054	0.426054
0.177241	0.115410	0.347928	0.347928
0.198127	0.066578	0.295921	0.295921
0.048661	0.301426	0.490342	0.490342
0.027741	0.235830	0.429842	0.429842
0.360583	0.104673	0.210135	0.210135
0.040177	0.275470	0.472513	0.472513
0.481087	0.290434	0.058187	0.058187
0.033867	0.274983	0.469475	0.469475
0.040177	0.275470	0.472513	0.472513
0.192067	0.066642	0.272043	0.272043
0.516625	0.309651	0.076176	0.076176
0.361047	0.105145	0.210155	0.210155
0.211611	0.052707	0.284293	0.284293
0.018944	0.243521	0.434915	0.434915
0.109288	0.164649	0.381009	0.381009
0.360583	0.104673	0.210135	0.210135
0.513058	0.274389	0.106395	0.106395
0.051117	0.244087	0.448887	0.448887
0.641815	0.459985	0.224684	0.224684
0.430950	0.210042	0.037771	0.037771
0.496858	0.255374	0.105546	0.105546
0.198250	0.066049	0.295189	0.295189
0.109408	0.166780	0.383899	0.383899
0.554361	0.329127	0.116843	0.116843
0.360583	0.104673	0.210135	0.210135
0.040177	0.275470	0.472513	0.472513
0.040557	0.269823	0.468381	0.468381
0.571471	0.388438	0.154044	0.154044
0.360583	0.104673	0.210135	0.210135
0.188487	0.069809	0.275719	0.275719
0.014269	0.245212	0.434270	0.434270
0.270700	0.022382	0.213452	0.213452
0.103958	0.154222	0.357268	0.357268
0.494455	0.274379	0.057804	0.057804
0.038472	0.288973	0.479487	0.479487
0.349938	0.105914	0.139729	0.139729
0.051646	0.304302	0.493332	0.493332
0.074745	0.185686	0.387111	0.387111
0.088398	0.172136	0.355749	0.355749
0.037628	0.290345	0.479206	0.479206
0.239038	0.020370	0.240456	0.240456
0.347386	0.090396	0.190009	0.190009
0.490547	0.263021	0.066240	0.066240
0.020399	0.258556	0.451317	0.451317
0.042483	0.292304	0.483405	0.483405
0.266842	0.010915	0.226014	0.226014
0.273363	0.031519	0.204763	0.204763
0.301188	0.044111	0.210779	0.210779
0.168327	0.106396	0.334395	0.334395
0.112416	0.145272	0.348358	0.348358
0.076552	0.180563	0.374537	0.374537
0.052383	0.206167	0.401244	0.401244
0.325317	0.087193	0.150153	0.150153
0.033150	0.241482	0.439315	0.439315
0.313619	0.067030	0.172570	0.172570
0.002303	0.254811	0.439504	0.439504
0.323786	0.069847	0.181526	0.181526
0.254291	0.056136	0.201244	0.201244
0.376913	0.130783	0.127649	0.127649
0.727601	0.528638	0.294643	0.294643
0.188487	0.069809	0.275719	0.275719
0.571467	0.388430	0.154036	0.154036
0.188487	0.069809	0.275719	0.275719
0.406625	0.172662	0.080501	0.080501
0.332044	0.077830	0.177686	0.177686
0.424345	0.174482	0.125601	0.125601
0.040748	0.275036	0.472430	0.472430
0.262421	0.104655	0.179642	0.179642
0.060301	0.315461	0.501341	0.501341
0.280848	0.042347	0.193854	0.193854
0.138037	0.119703	0.327742	0.327742
0.192328	0.080109	0.311405	0.311405
0.179091	0.078620	0.295267	0.295267
0.510234	0.328807	0.098383	0.098383
0.511248	0.293213	0.071290	0.071290
0.307338	0.067695	0.168619	0.168619
0.092636	0.165113	0.365011	0.365011
0.038819	0.286267	0.478582	0.478582
0.048423	0.299458	0.489849	0.489849
0.042431	0.291081	0.482911	0.482911
0.035138	0.270098	0.466482	0.466482
0.122141	0.173517	0.397112	0.397112
0.070311	0.210140	0.419382	0.419382
0.154860	0.120964	0.346895	0.346895
0.043381	0.228375	0.428769	0.428769
0.604832	0.390212	0.163296	0.163296
0.456000	0.208808	0.114205	0.114205
0.090965	0.179592	0.390792	0.390792
0.090965	0.179592	0.390792	0.390792
0.248105	0.031707	0.266255	0.266255
0.409382	0.221365	0.041544	0.041544
0.858125	0.687911	0.452715	0.452715
0.044347	0.292002	0.484499	0.484499
0.245115	0.014265	0.237553	0.237553
0.554622	0.323904	0.122956	0.122956
0.233435	0.046541	0.282336	0.282336
0.165846	0.102156	0.327149	0.327149
0.581630	0.365235	0.139941	0.139941
0.098212	0.159034	0.353108	0.353108
0.553495	0.327619	0.116583	0.116583
0.090451	0.202714	0.418878	0.418878
0.579056	0.358572	0.138039	0.138039
0.034382	0.242759	0.441214	0.441214
0.729168	0.547907	0.312191	0.312191
0.042831	0.265973	0.466095	0.466095
0.031328	0.279080	0.470746	0.470746
0.033198	0.247050	0.445228	0.445228
0.055943	0.201321	0.390075	0.390075
0.487100	0.271459	0.047317	0.047317
0.063255	0.202607	0.405707	0.405707
0.490214	0.274357	0.050317	0.050317
0.475553	0.257648	0.039841	0.039841
0.405836	0.195562	0.040281	0.040281
0.060301	0.315461	0.501341	0.501341
0.094899	0.167358	0.374413	0.374413
0.063376	0.202477	0.405599	0.405599
0.063340	0.202511	0.405624	0.405624
0.088824	0.174290	0.380878	0.380878
0.062004	0.206609	0.410645	0.410645
0.091464	0.168661	0.372804	0.372804
0.075016	0.190264	0.395533	0.395533
0.359506	0.105691	0.162292	0.162292
0.359501	0.105683	0.162309	0.162309
0.099591	0.157506	0.354115	0.354115
0.210664	0.055684	0.287947	0.287947
0.087983	0.169198	0.365643	0.365643
0.035576	0.241031	0.439842	0.439842
0.057855	0.210492	0.413474	0.413474
0.303979	0.057573	0.180405	0.180405
0.136710	0.121798	0.316138	0.316138
0.075335	0.189689	0.394872	0.394872
0.039457	0.237865	0.437992	0.437992
0.044249	0.235403	0.437269	0.437269
0.239369	0.018099	0.249656	0.249656
0.359500	0.105677	0.162332	0.162332
0.070184	0.193397	0.396619	0.396619
0.042450	0.217824	0.413101	0.413101
0.033158	0.224637	0.415381	0.415381
0.125869	0.133410	0.323863	0.323863
0.096036	0.165884	0.372847	0.372847
0.378785	0.122076	0.177200	0.177200
0.208894	0.052318	0.281449	0.281449
0.020323	0.244803	0.437257	0.437257
0.058279	0.210130	0.413234	0.413234
0.109212	0.147906	0.345109	0.345109
0.261455	0.011268	0.241844	0.241844
0.479200	0.263598	0.040247	0.040247
0.011533	0.253483	0.442981	0.442981
0.024441	0.267510	0.460128	0.460128
0.485618	0.289074	0.053891	0.053891
0.350521	0.159596	0.091190	0.091190
0.076119	0.186897	0.390904	0.390904
0.027212	0.263124	0.457847	0.457847
0.060301	0.315461	0.501341	0.501341
0.401500	0.216215	0.049169	0.049169
0.527489	0.331797	0.096006	0.096006
0.494444	0.293575	0.057782	0.057782
0.045463	0.223176	0.423295	0.423295
0.510268	0.307404	0.072137	0.072137
0.589906	0.390740	0.155619	0.155619
0.486860	0.267950	0.050115	0.050115
0.520186	0.320370	0.084672	0.084672
0.394891	0.194328	0.046860	0.046860
0.624606	0.411600	0.183492	0.183492
0.631814	0.419533	0.190942	0.190942
0.211408	0.049173	0.278278	0.278278
0.176033	0.084913	0.306844	0.306844
0.723148	0.514726	0.284487	0.284487
0.027882	0.235396	0.414434	0.414434
0.261317	0.010710	0.241456	0.241456
0.440635	0.250407	0.032067	0.032067
0.025329	0.273553	0.464509	0.464509
0.397502	0.167229	0.078116	0.078116
0.341930	0.108425	0.128985	0.128985
0.035958	0.285926	0.476679	0.476679
0.299726	0.140737	0.143081	0.143081
0.192941	0.096797	0.330864	0.330864
0.132859	0.125319	0.333699	0.333699
0.373843	0.156731	0.079096	0.079096
0.004062	0.259965	0.443062	0.443062
0.380088	0.141801	0.106611	0.106611
0.269874	0.014325	0.222938	0.222938
0.261574	0.006686	0.229155	0.229155
0.038544	0.249005	0.449205	0.449205
0.065250	0.228477	0.437859	0.437859
0.424068	0.218474	0.018049	0.018049
0.172530	0.094625	0.320461	0.320461
0.005037	0.260142	0.442733	0.442733
0.248549	0.050737	0.208906	0.208906
0.121658	0.162414	0.384062	0.384062
0.594708	0.372146	0.154117	0.154117
0.309594	0.115967	0.134639	0.134639
0.345819	0.092270	0.167731	0.167731
0.041261	0.291975	0.482434	0.482434
0.219184	0.063625	0.299235	0.299235
0.523893	0.309534	0.082291	0.082291
0.367776	0.123219	0.128862	0.128862
0.141306	0.120002	0.335193	0.335193
0.067492	0.192053	0.391119	0.391119
0.035932	0.286003	0.476692	0.476692
0.171125	0.089550	0.284350	0.284350
0.246204	0.017810	0.253621	0.253621
0.018340	0.269749	0.458668	0.458668
0.362967	0.105871	0.190669	0.190669
0.258894	0.020304	0.251700	0.251700
0.175037	0.082542	0.297737	0.297737
0.334931	0.093330	0.146946	0.146946
0.165727	0.096847	0.318266	0.318266
0.039254	0.244677	0.445138	0.445138
0.337150	0.080057	0.197081	0.197081
0.147054	0.125867	0.349386	0.349386
0.028277	0.249855	0.446142	0.446142
0.398203	0.149855	0.125310	0.125310
0.354872	0.097855	0.188535	0.188535
0.030977	0.285640	0.472666	0.472666
0.241674	0.015510	0.244257	0.244257
0.413245	0.197189	0.040481	0.040481
0.265980	0.015588	0.241456	0.241456
0.020094	0.264416	0.455989	0.455989
0.340369	0.084935	0.178859	0.178859
0.401693	0.182952	0.054648	0.054648
0.360915	0.161602	0.081637	0.081637
0.162542	0.102453	0.325087	0.325087
0.459842	0.241292	0.031147	0.031147
0.057572	0.204070	0.403380	0.403380
0.036733	0.229932	0.427245	0.427245
0.270333	0.035324	0.202712	0.202712
0.350725	0.151235	0.092379	0.092379
0.043967	0.296682	0.485616	0.485616
0.300853	0.069627	0.166449	0.166449
0.325510	0.077330	0.166088	0.166088
0.142239	0.117252	0.330185	0.330185
0.043967	0.296682	0.485616	0.485616
0.275730	0.021917	0.235231	0.235231
0.391020	0.135711	0.160964	0.160964
0.224611	0.033096	0.261189	0.261189
0.140956	0.131834	0.354133	0.354133
0.393321	0.150416	0.110189	0.110189
0.453216	0.259771	0.031429	0.031429
0.470253	0.228462	0.096241	0.096241
0.058731	0.224994	0.389778	0.389778
0.039236	0.219006	0.411457	0.411457
0.092952	0.185993	0.400303	0.400303
0.156413	0.101564	0.301430	0.301430
0.051055	0.228966	0.432921	0.432921
0.585085	0.363558	0.144301	0.144301
0.553370	0.331551	0.113575	0.113575
0.086150	0.174044	0.377293	0.377293
0.140018	0.119635	0.332384	0.332384
0.077050	0.184575	0.387622	0.387622
0.453216	0.259771	0.031429	0.031429
0.052525	0.212894	0.413438	0.413438
0.211381	0.045729	0.266691	0.266691
0.036760	0.247487	0.447035	0.447035
0.026863	0.275113	0.466194	0.466194
0.208189	0.068400	0.302637	0.302637
0.562860	0.337887	0.124652	0.124652
0.191107	0.088701	0.321373	0.321373
0.033047	0.232812	0.428934	0.428934
0.474200	0.296925	0.075727	0.075727
0.044918	0.216302	0.412806	0.412806
0.457045	0.264306	0.035296	0.035296
0.538723	0.322315	0.097291	0.097291
0.038360	0.226137	0.423056	0.423056
0.153019	0.120214	0.344969	0.344969
0.206551	0.071950	0.244019	0.244019
0.046184	0.215866	0.413200	0.413200
0.050959	0.229040	0.432965	0.432965
0.226831	0.035486	0.243251	0.243251
0.180088	0.096223	0.326596	0.326596
0.570683	0.338712	0.138998	0.138998
0.037133	0.287920	0.478198	0.478198
0.037133	0.287920	0.478198	0.478198
0.035476	0.279688	0.473234	0.473234
0.200557	0.064551	0.257197	0.257197
0.129914	0.133315	0.348104	0.348104
0.364537	0.111047	0.158668	0.158668
0.363651	0.165206	0.078590	0.078590
0.313788	0.114388	0.131976	0.131976
0.019980	0.248155	0.440944	0.440944
0.049168	0.210161	0.405727	0.405727
0.345305	0.159289	0.096466	0.096466
0.198413	0.069702	0.256209	0.256209
0.196108	0.066307	0.293785	0.293785
0.050457	0.208364	0.403514	0.403514
0.240086	0.034695	0.270425	0.270425
0.028129	0.271409	0.464487	0.464487
0.090308	0.168218	0.369646	0.369646
0.293258	0.086298	0.158259	0.158259
0.034698	0.269861	0.466125	0.466125
0.187122	0.072296	0.294637	0.294637
0.203159	0.057253	0.260935	0.260935
0.094767	0.164684	0.368502	0.368502
0.047479	0.221153	0.421768	0.421768
0.371211	0.114821	0.174856	0.174856
0.179801	0.115287	0.348350	0.348350
0.169246	0.090538	0.309531	0.309531
0.029329	0.232022	0.425401	0.425401
0.172634	0.084630	0.297539	0.297539
0.391894	0.148176	0.113163	0.113163
0.093538	0.167496	0.373088	0.373088
0.133840	0.123644	0.321693	0.321693
0.117989	0.141758	0.330011	0.330011
0.061931	0.204122	0.407030	0.407030
0.261794	0.008981	0.226902	0.226902
0.135014	0.123278	0.318065	0.318065
0.067763	0.215053	0.424035	0.424035
0.423533	0.180296	0.100287	0.100287
0.527310	0.299082	0.095790	0.095790
0.137432	0.122731	0.335718	0.335718
0.064374	0.220403	0.428741	0.428741
0.189552	0.070728	0.270892	0.270892
0.434382	0.229547	0.007321	0.007321
0.113731	0.145362	0.352084	0.352084
0.315048	0.058706	0.196639	0.196639
0.294277	0.037382	0.219010	0.219010
0.042878	0.216510	0.411026	0.411026
0.433075	0.187183	0.108332	0.108332
0.119448	0.147229	0.362371	0.362371
0.034944	0.228390	0.424013	0.424013
0.417921	0.170916	0.114838	0.114838
0.050609	0.213597	0.413121	0.413121
0.149435	0.120790	0.343685	0.343685
0.231745	0.027333	0.244975	0.244975
0.021557	0.258191	0.451447	0.451447
0.181311	0.089193	0.318069	0.318069
0.125357	0.133279	0.341306	0.341306
0.204191	0.083192	0.318108	0.318108
0.076253	0.182625	0.382257	0.382257
0.006776	0.262757	0.448394	0.448394
0.477018	0.238851	0.086447	0.086447
0.156845	0.100424	0.304315	0.304315
0.189718	0.070085	0.293559	0.293559
0.247635	0.009605	0.240411	0.240411
0.189090	0.074446	0.301336	0.301336
0.417360	0.194488	0.049715	0.049715
0.051600	0.305385	0.493246	0.493246
0.081135	0.182402	0.387787	0.387787
0.064135	0.194684	0.392149	0.392149
0.132455	0.127458	0.339101	0.339101
0.346342	0.161732	0.095581	0.095581
0.133842	0.130730	0.347360	0.347360
0.044941	0.239854	0.442317	0.442317
0.188358	0.072027	0.295942	0.295942
0.168322	0.093449	0.314643	0.314643
0.124242	0.133936	0.340673	0.340673
0.044106	0.284661	0.480428	0.480428
0.044976	0.295280	0.486132	0.486132
0.064135	0.194684	0.392149	0.392149
0.237902	0.060383	0.295119	0.295119
0.318737	0.115532	0.128118	0.128118
0.040679	0.290749	0.481624	0.481624
0.036944	0.267454	0.465116	0.465116
0.156481	0.106156	0.325752	0.325752
0.045882	0.297226	0.487329	0.487329
0.033659	0.270356	0.466080	0.466080
0.356365	0.099293	0.190134	0.190134
0.151892	0.113284	0.333931	0.333931
0.040075	0.291012	0.481280	0.481280
0.043693	0.294197	0.484872	0.484872
0.047184	0.299922	0.488856	0.488856
0.033501	0.278087	0.471299	0.471299
0.064538	0.196734	0.397077	0.397077
0.033659	0.270356	0.466080	0.466080
0.323526	0.137834	0.118344	0.118344
0.112915	0.158325	0.374405	0.374405
0.030133	0.283252	0.471658	0.471658
0.082049	0.180394	0.385114	0.385114
0.073607	0.191324	0.396096	0.396096
0.049881	0.302750	0.491570	0.491570
0.046483	0.299515	0.488170	0.488170
0.019763	0.243527	0.435384	0.435384
0.051283	0.304170	0.492975	0.492975
0.046139	0.297682	0.487633	0.487633
0.194163	0.076412	0.307458	0.307458
0.115787	0.156420	0.373480	0.373480
0.126968	0.133175	0.344070	0.344070
0.035344	0.276433	0.471108	0.471108
0.284532	0.058532	0.179893	0.179893
0.125951	0.146406	0.365583	0.365583
0.037913	0.233329	0.432105	0.432105
0.023877	0.236062	0.427444	0.427444
0.336727	0.081929	0.177551	0.177551
0.046919	0.298554	0.488443	0.488443
0.041463	0.294279	0.483101	0.483101
0.091883	0.165562	0.364209	0.364209
0.604527	0.401248	0.167479	0.167479
0.465841	0.208827	0.191544	0.191544
0.310296	0.063454	0.175721	0.175721
0.054556	0.202813	0.395514	0.395514
0.191980	0.085534	0.317923	0.317923
0.393975	0.140959	0.146335	0.146335
0.158928	0.121836	0.349751	0.349751
0.039210	0.265008	0.463963	0.463963
0.325957	0.129613	0.117765	0.117765
0.386463	0.181596	0.056780	0.056780
0.197074	0.061101	0.283381	0.283381
0.309341	0.108994	0.137231	0.137231
0.315954	0.116712	0.129550	0.129550
0.036129	0.251858	0.451080	0.451080
0.322174	0.126330	0.121679	0.121679
0.120898	0.156926	0.376905	0.376905
0.038343	0.287378	0.478794	0.478794
0.309341	0.108994	0.137231	0.137231
0.266704	0.052033	0.193819	0.193819
0.072701	0.219006	0.430387	0.430387
0.038343	0.287378	0.478794	0.478794
0.038343	0.287378	0.478794	0.478794
0.063136	0.219508	0.427223	0.427223
0.266704	0.052033	0.193819	0.193819
0.232213	0.035515	0.235165	0.235165
0.308943	0.066190	0.171008	0.171008
0.266704	0.052033	0.193819	0.193819
0.195265	0.063380	0.269873	0.269873
0.309047	0.066625	0.170480	0.170480
0.041367	0.292043	0.482531	0.482531
0.038343	0.287378	0.478794	0.478794
0.292330	0.039681	0.200026	0.200026
0.041367	0.292043	0.482531	0.482531
0.202840	0.056971	0.283377	0.283377
0.273650	0.021501	0.214802	0.214802
0.259340	0.038015	0.207229	0.207229
0.259340	0.038015	0.207229	0.207229
0.316114	0.061123	0.189800	0.189800
0.127813	0.155469	0.378186	0.378186
0.254150	0.012580	0.228320	0.228320
0.111591	0.167580	0.386002	0.386002
0.233473	0.042702	0.228443	0.228443
0.060301	0.315461	0.501341	0.501341
0.060301	0.315461	0.501341	0.501341
0.060301	0.315461	0.501341	0.501341
0.060301	0.315461	0.501341	0.501341
0.060301	0.315461	0.501341	0.501341
0.215743	0.106265	0.226037	0.226037
0.438116	0.201262	0.077462	0.077462
0.238592	0.020509	0.254077	0.254077
0.678720	0.468982	0.239125	0.239125
0.203749	0.068660	0.301617	0.301617
0.113354	0.164010	0.382305	0.382305
0.060301	0.315461	0.501341	0.501341
0.285427	0.128360	0.156567	0.156567
0.114517	0.162175	0.380514	0.380514
0.458678	0.221087	0.079961	0.079961
0.054262	0.232382	0.437955	0.437955
0.332882	0.106694	0.129128	0.129128
0.096657	0.173315	0.385474	0.385474
0.060301	0.315461	0.501341	0.501341
0.060301	0.315461	0.501341	0.501341
0.083091	0.192441	0.403606	0.403606
0.359550	0.102642	0.184816	0.184816
0.068785	0.205514	0.412986	0.412986
0.057299	0.204613	0.404077	0.404077
0.030902	0.250364	0.447665	0.447665
0.035761	0.252468	0.451527	0.451527
0.060301	0.315461	0.501341	0.501341
0.471537	0.280698	0.049753	0.049753
0.046769	0.298506	0.488309	0.488309
0.214257	0.088692	0.229785	0.229785
0.226420	0.042186	0.237546	0.237546
0.551355	0.351916	0.116458	0.116458
0.058939	0.203119	0.403016	0.403016
0.062203	0.220276	0.427712	0.427712
0.031562	0.242677	0.439952	0.439952
0.043117	0.290047	0.482880	0.482880
0.060301	0.315461	0.501341	0.501341
0.234356	0.044054	0.279856	0.279856
0.494514	0.318788	0.094114	0.094114
0.039680	0.286359	0.479119	0.479119
0.060301	0.315461	0.501341	0.501341
0.408334	0.220174	0.041978	0.041978
0.031187	0.244781	0.442064	0.442064
0.080739	0.195020	0.405708	0.405708
0.831521	0.652236	0.416439	0.416439
0.040743	0.287364	0.480220	0.480220
0.060301	0.315461	0.501341	0.501341
0.270217	0.032947	0.255096	0.255096
0.301618	0.070679	0.165398	0.165398
0.083204	0.193168	0.404592	0.404592
0.075589	0.182064	0.378904	0.378904
0.169339	0.113323	0.343335	0.343335
0.038742	0.285563	0.478193	0.478193
0.060301	0.315461	0.501341	0.501341
0.038596	0.285096	0.477875	0.477875
0.507791	0.329212	0.100671	0.100671
0.035384	0.280604	0.473725	0.473725
0.059188	0.197922	0.388421	0.388421
0.617052	0.407642	0.177002	0.177002
0.554324	0.344506	0.113397	0.113397
0.060301	0.315461	0.501341	0.501341
0.037044	0.271548	0.468344	0.468344
0.038834	0.224063	0.420342	0.420342
0.022379	0.246715	0.440417	0.440417
0.021325	0.251935	0.445464	0.445464
0.249713	0.022401	0.225056	0.225056
0.013109	0.265347	0.453415	0.453415
0.019605	0.244410	0.436411	0.436411
0.028954	0.232626	0.426046	0.426046
0.079649	0.177638	0.368968	0.368968
0.008344	0.264971	0.449999	0.449999
0.124259	0.138775	0.352273	0.352273
0.048518	0.227240	0.429831	0.429831
0.115055	0.180095	0.402147	0.402147
0.060301	0.315461	0.501341	0.501341
0.427873	0.190913	0.079775	0.079775
0.043817	0.293815	0.484843	0.484843
0.226395	0.033623	0.246540	0.246540
0.122656	0.175488	0.399474	0.399474
0.207025	0.088315	0.323799	0.323799
0.125433	0.155392	0.316314	0.316314
0.338489	0.123243	0.113785	0.113785
0.036294	0.270463	0.467221	0.467221
0.042722	0.293596	0.483981	0.483981
0.427873	0.190913	0.079775	0.079775
0.261231	0.046872	0.200598	0.200598
0.229427	0.031587	0.243382	0.243382
0.041635	0.288437	0.481254	0.481254
0.029100	0.273294	0.466188	0.466188
0.048894	0.233282	0.436829	0.436829
0.040399	0.287453	0.480066	0.480066
0.207277	0.088106	0.323603	0.323603
0.044808	0.295133	0.485965	0.485965
0.104212	0.179591	0.397496	0.397496
0.135505	0.161497	0.387869	0.387869
0.133389	0.138780	0.359362	0.359362
0.042931	0.254158	0.455704	0.455704
0.046105	0.235487	0.438114	0.438114
0.011412	0.263452	0.451406	0.451406
0.104194	0.154532	0.358815	0.358815
0.036807	0.278253	0.472969	0.472969
0.291584	0.101320	0.153488	0.153488
0.025862	0.261321	0.455821	0.455821
0.274239	0.086138	0.172556	0.172556
0.044566	0.295799	0.485961	0.485961
0.042931	0.254158	0.455704	0.455704
0.036503	0.272616	0.468921	0.468921
0.039426	0.291097	0.480816	0.480816
0.511863	0.296841	0.070576	0.070576
0.284790	0.060661	0.178276	0.178276
0.033698	0.278678	0.471751	0.471751
0.107036	0.166270	0.381935	0.381935
0.075332	0.197174	0.405641	0.405641
0.357900	0.181431	0.087520	0.087520
0.060301	0.315461	0.501341	0.501341
0.060301	0.315461	0.501341	0.501341
0.156944	0.101630	0.315836	0.315836
0.025962	0.266730	0.460191	0.460191
0.107588	0.192100	0.412999	0.412999
0.180386	0.082601	0.307345	0.307345
0.164108	0.093758	0.295687	0.295687
0.270277	0.055018	0.189744	0.189744
0.060715	0.210508	0.415150	0.415150
0.130013	0.144210	0.364885	0.364885
0.244122	0.045927	0.280283	0.280283
0.042406	0.291870	0.483198	0.483198
0.147368	0.120153	0.341326	0.341326
0.040997	0.287336	0.480349	0.480349
0.107036	0.166270	0.381935	0.381935
0.444211	0.240164	0.005201	0.005201
0.780311	0.605068	0.369656	0.369656
0.205764	0.058977	0.289731	0.289731
0.528317	0.301583	0.094699	0.094699
0.159875	0.097228	0.304158	0.304158
0.548895	0.299903	0.164613	0.164613
0.211079	0.053334	0.284871	0.284871
0.254398	0.024436	0.257619	0.257619
0.309632	0.092123	0.146227	0.146227
0.337169	0.130889	0.109605	0.109605
0.372507	0.118673	0.157162	0.157162
0.163146	0.094320	0.298114	0.298114
0.222473	0.049770	0.284839	0.284839
0.101465	0.155843	0.355341	0.355341
0.621542	0.427335	0.191701	0.191701
0.342990	0.178043	0.105048	0.105048
0.574066	0.351418	0.134006	0.134006
0.387999	0.177753	0.058471	0.058471
0.221989	0.147571	0.226072	0.226072
0.085403	0.171759	0.367634	0.367634
0.025275	0.267165	0.460230	0.460230
0.115627	0.145584	0.355599	0.355599
0.042518	0.281873	0.477924	0.477924
0.042848	0.266679	0.466688	0.466688
0.315906	0.073918	0.163776	0.163776
0.490768	0.274758	0.050929	0.050929
0.576354	0.355567	0.135481	0.135481
0.365917	0.136193	0.102312	0.102312
0.068441	0.197921	0.402387	0.402387
0.657242	0.474088	0.238517	0.238517
0.131404	0.135918	0.353824	0.353824
0.345381	0.096229	0.154462	0.154462
0.579370	0.358739	0.138393	0.138393
0.548524	0.325280	0.109834	0.109834
0.044265	0.236830	0.438833	0.438833
0.027767	0.275369	0.466811	0.466811
0.131116	0.136429	0.354402	0.354402
0.577125	0.375732	0.141012	0.141012
0.266388	0.033922	0.205564	0.205564
0.029450	0.261465	0.457323	0.457323
0.013234	0.244449	0.431922	0.431922
0.006964	0.256427	0.443992	0.443992
0.278571	0.049531	0.188833	0.188833
0.576066	0.354915	0.135325	0.135325
0.267707	0.114076	0.173988	0.173988
0.348936	0.105947	0.138404	0.138404
0.344381	0.101707	0.141264	0.141264
0.432957	0.253613	0.051361	0.051361
0.309113	0.065664	0.171786	0.171786
0.502699	0.312412	0.078459	0.078459
0.040593	0.261706	0.461658	0.461658
0.580205	0.359378	0.139275	0.139275
0.031723	0.276074	0.469199	0.469199
0.393483	0.236538	0.088539	0.088539
0.349926	0.094626	0.173842	0.173842
0.158867	0.107267	0.289033	0.289033
0.024590	0.239007	0.432235	0.432235
0.117855	0.139248	0.338227	0.338227
0.290900	0.108940	0.152220	0.152220
0.038578	0.218789	0.405386	0.405386
0.575038	0.353885	0.134319	0.134319
0.413130	0.250496	0.078641	0.078641
0.175616	0.082215	0.286871	0.286871
0.359370	0.186234	0.088102	0.088102
0.039835	0.280512	0.475819	0.475819
0.296878	0.075795	0.162665	0.162665
0.218894	0.067649	0.231547	0.231547
0.326073	0.071796	0.222982	0.222982
0.040095	0.268187	0.466900	0.466900
0.217449	0.061674	0.236093	0.236093
0.061729	0.214000	0.420091	0.420091
0.244992	0.053160	0.210971	0.210971
0.714351	0.506698	0.275987	0.275987
0.050184	0.249293	0.453640	0.453640
0.056208	0.213172	0.416141	0.416141
0.032154	0.234180	0.430214	0.430214
0.497469	0.309480	0.076917	0.076917
0.074052	0.186144	0.387178	0.387178
0.086506	0.174314	0.378350	0.378350
0.074960	0.192772	0.399298	0.399298
0.154403	0.102841	0.306466	0.306466
0.035757	0.268199	0.465253	0.465253
0.528395	0.289666	0.116978	0.116978
0.053351	0.207070	0.388793	0.388793
0.112386	0.146349	0.352146	0.352146
0.245483	0.021134	0.230374	0.230374
0.303634	0.048510	0.197989	0.197989
0.062724	0.203945	0.407319	0.407319
0.366307	0.145244	0.090753	0.090753
0.150415	0.107978	0.305104	0.305104
0.212831	0.045235	0.259152	0.259152
0.579968	0.359589	0.138906	0.138906
0.577106	0.356240	0.136246	0.136246
0.453861	0.275282	0.060444	0.060444
0.313561	0.147217	0.129199	0.129199
0.574983	0.353935	0.134227	0.134227
0.279581	0.119858	0.162117	0.162117
0.181532	0.082595	0.272269	0.272269
0.517795	0.307196	0.076256	0.076256
0.223904	0.040054	0.243151	0.243151
0.191519	0.148327	0.254998	0.254998
0.063139	0.193971	0.384934	0.384934
0.120287	0.144631	0.358808	0.358808
0.528552	0.336537	0.101163	0.101163
0.067001	0.191881	0.376944	0.376944
0.576466	0.355423	0.135679	0.135679
0.487411	0.265102	0.055020	0.055020
0.042470	0.277356	0.474816	0.474816
0.376577	0.163266	0.072734	0.072734
0.320024	0.152294	0.123074	0.123074
0.559043	0.350882	0.118776	0.118776
0.054557	0.207916	0.407233	0.407233
0.223021	0.054151	0.233652	0.233652
0.327834	0.088170	0.150031	0.150031
0.158007	0.099467	0.310446	0.310446
0.580259	0.359579	0.139282	0.139282
0.007751	0.249364	0.434926	0.434926
0.021329	0.237685	0.420373	0.420373
0.363432	0.126160	0.116685	0.116685
0.576651	0.355565	0.135875	0.135875
0.224470	0.049885	0.285310	0.285310
0.586208	0.366439	0.144906	0.144906
0.574676	0.353622	0.133929	0.133929
0.135595	0.166093	0.392966	0.392966
0.040645	0.282249	0.477294	0.477294
0.272458	0.037237	0.257559	0.257559
0.320024	0.152293	0.123074	0.123074
0.548416	0.334771	0.106740	0.106740
0.471821	0.273461	0.038387	0.038387
0.473007	0.274351	0.039113	0.039113
0.549490	0.336551	0.107870	0.107870
0.043474	0.294065	0.484673	0.484673
0.042680	0.292303	0.483540	0.483540
0.035835	0.281705	0.474579	0.474579
0.050521	0.243710	0.448302	0.448302
0.576793	0.355867	0.135958	0.135958
0.504144	0.322060	0.091931	0.091931
0.049309	0.245611	0.449757	0.449757
0.579504	0.359010	0.138483	0.138483
0.571520	0.350100	0.130983	0.130983
0.579083	0.358682	0.138041	0.138041
0.107831	0.155358	0.365744	0.365744
0.350580	0.153647	0.091875	0.091875
0.064734	0.206863	0.412578	0.412578
0.369614	0.212597	0.095402	0.095402
0.043874	0.292533	0.484419	0.484419
0.181352	0.076297	0.283218	0.283218
0.106203	0.151467	0.353405	0.353405
0.524669	0.361216	0.139833	0.139833
0.100547	0.164723	0.375187	0.375187
0.328808	0.072241	0.210030	0.210030
0.221454	0.037230	0.266425	0.266425
0.040609	0.271513	0.469722	0.469722
0.095704	0.169018	0.378146	0.378146
0.328951	0.098602	0.137376	0.137376
0.029449	0.265495	0.460641	0.460641
0.536520	0.309673	0.102073	0.102073
0.475513	0.258525	0.038646	0.038646
0.280430	0.075912	0.171877	0.171877
0.316182	0.076716	0.160196	0.160196
0.558305	0.344467	0.116647	0.116647
0.198982	0.090261	0.245862	0.245862
0.122272	0.149460	0.367648	0.367648
0.127979	0.130160	0.324359	0.324359
0.575017	0.354159	0.134193	0.134193
0.073645	0.217757	0.429369	0.429369
0.575353	0.354358	0.134571	0.134571
0.315105	0.064196	0.179383	0.179383
0.066563	0.193968	0.393988	0.393988
0.544373	0.325007	0.103719	0.103719
0.049390	0.208044	0.400253	0.400253
0.578600	0.358138	0.137584	0.137584
0.046247	0.259555	0.461772	0.461772
0.578770	0.358213	0.137780	0.137780
0.576166	0.355737	0.135182	0.135182
0.576692	0.355625	0.135908	0.135908
0.310134	0.113276	0.135067	0.135067
0.319363	0.178288	0.135068	0.135068
0.222671	0.122883	0.219806	0.219806
0.380699	0.168255	0.067771	0.067771
0.377025	0.123342	0.154808	0.154808
0.577985	0.371669	0.138840	0.138840
0.144676	0.113215	0.311207	0.311207
0.056439	0.200859	0.393515	0.393515
0.355341	0.106192	0.148307	0.148307
0.053694	0.246761	0.452404	0.452404
0.187499	0.074241	0.270346	0.270346
0.389465	0.194417	0.052592	0.052592
0.577331	0.356735	0.136379	0.136379
0.034175	0.223893	0.415260	0.415260
0.464066	0.248744	0.027907	0.027907
0.408023	0.234620	0.062097	0.062097
0.021812	0.262126	0.454895	0.454895
0.575015	0.352990	0.134644	0.134644
0.376200	0.230532	0.106642	0.106642
0.285026	0.050783	0.185746	0.185746
0.573511	0.352068	0.132937	0.132937
0.550548	0.371807	0.139631	0.139631
0.581467	0.360917	0.140432	0.140432
0.031208	0.262520	0.458883	0.458883
0.036381	0.254316	0.453496	0.453496
0.043610	0.232746	0.434025	0.434025
0.574238	0.353168	0.133506	0.133506
0.180907	0.078569	0.278746	0.278746
0.007153	0.255625	0.443296	0.443296
0.100942	0.156649	0.357391	0.357391
0.577111	0.356464	0.136179	0.136179
0.043066	0.286365	0.480933	0.480933
0.120368	0.136730	0.336680	0.336680
0.035586	0.266090	0.463498	0.463498
0.429480	0.255187	0.060052	0.060052
0.576968	0.356415	0.136008	0.136008
0.036453	0.262905	0.461176	0.461176
0.102396	0.154783	0.353456	0.353456
0.375727	0.172374	0.067393	0.067393
0.633285	0.438554	0.203040	0.203040
0.380876	0.198406	0.065875	0.065875
0.234660	0.054509	0.220519	0.220519
0.101319	0.161241	0.342502	0.342502
0.690187	0.483971	0.252347	0.252347
0.428234	0.254100	0.060154	0.060154
0.577792	0.356493	0.137069	0.137069
0.166000	0.110235	0.338259	0.338259
0.015247	0.253720	0.444774	0.444774
0.578201	0.356912	0.137466	0.137466
0.011682	0.251247	0.440619	0.440619
0.099792	0.166815	0.377942	0.377942
0.134479	0.128108	0.343235	0.343235
0.166929	0.090737	0.294227	0.294227
0.038585	0.277937	0.473561	0.473561
0.474687	0.237235	0.083447	0.083447
0.272653	0.015987	0.223627	0.223627
0.402940	0.242913	0.082963	0.082963
0.066501	0.194027	0.394032	0.394032
0.575623	0.354316	0.134948	0.134948
0.322877	0.065783	0.202264	0.202264
0.029513	0.228010	0.417652	0.417652
0.141199	0.126368	0.303609	0.303609
0.578580	0.358008	0.137599	0.137599
0.574238	0.353051	0.133549	0.133549
0.042621	0.282025	0.478070	0.478070
0.512690	0.326483	0.093541	0.093541
0.574768	0.353523	0.134090	0.134090
0.578825	0.357909	0.137949	0.137949
0.573684	0.352601	0.132969	0.132969
0.367279	0.188134	0.078554	0.078554
0.119252	0.138061	0.334775	0.334775
0.154340	0.102996	0.312435	0.312435
0.180357	0.076847	0.286630	0.286630
0.364735	0.138104	0.099046	0.099046
0.577488	0.357068	0.136478	0.136478
0.577142	0.356579	0.136183	0.136183
0.090835	0.168063	0.355230	0.355230
0.199862	0.063695	0.259236	0.259236
0.167968	0.089196	0.296584	0.296584
0.397221	0.141827	0.160550	0.160550
0.437384	0.236387	0.010176	0.010176
0.519126	0.284414	0.100869	0.100869
0.039965	0.219037	0.412613	0.412613
0.155145	0.133079	0.361734	0.361734
0.420055	0.222511	0.024409	0.024409
0.387703	0.227264	0.085045	0.085045
0.058853	0.204983	0.406047	0.406047
0.579309	0.358320	0.138449	0.138449
0.042342	0.282081	0.477979	0.477979
0.578160	0.357162	0.137325	0.137325
0.181300	0.114769	0.260605	0.260605
0.479843	0.288715	0.056353	0.056353
0.170509	0.089010	0.307868	0.307868
0.034068	0.227000	0.421213	0.421213
0.574569	0.353063	0.133995	0.133995
0.578742	0.357900	0.137843	0.137843
0.579111	0.357907	0.138328	0.138328
0.050421	0.250175	0.454565	0.454565
0.102524	0.180221	0.397536	0.397536
0.341205	0.148002	0.100951	0.100951
0.321732	0.075679	0.165091	0.165091
0.396291	0.139358	0.179380	0.179380
0.052437	0.236251	0.441371	0.441371
0.167194	0.091860	0.290178	0.290178
0.101890	0.163093	0.373636	0.373636
0.579870	0.358828	0.139017	0.139017
0.579346	0.358139	0.138559	0.138559
0.261742	0.011603	0.224625	0.224625
0.573677	0.352957	0.132832	0.132832
0.204559	0.071438	0.246760	0.246760
0.318417	0.101635	0.136231	0.136231
0.574449	0.353338	0.133727	0.133727
0.037339	0.268528	0.466124	0.466124
0.430397	0.181365	0.121372	0.121372
0.042024	0.254476	0.455678	0.455678
0.038915	0.279574	0.474792	0.474792
0.333279	0.097752	0.139514	0.139514
0.559829	0.341188	0.118605	0.118605
0.177355	0.094459	0.270257	0.270257
0.029798	0.260799	0.456885	0.456885
0.345189	0.088720	0.183892	0.183892
0.416804	0.240415	0.056044	0.056044
0.399272	0.146727	0.142652	0.142652
0.327952	0.084775	0.155252	0.155252
0.579150	0.358486	0.138188	0.138188
0.573568	0.351688	0.133172	0.133172
0.087552	0.179548	0.388425	0.388425
0.579366	0.359134	0.138271	0.138271
0.363705	0.151853	0.084861	0.084861
0.498653	0.280120	0.060007	0.060007
0.105124	0.154141	0.359558	0.359558
0.320862	0.072747	0.169480	0.169480
0.029157	0.265378	0.460433	0.460433
0.060225	0.198385	0.383498	0.383498
0.589190	0.386442	0.152294	0.152294
0.037589	0.276507	0.472151	0.472151
0.075636	0.207677	0.418774	0.418774
0.024639	0.254579	0.449332	0.449332
0.066486	0.192861	0.391489	0.391489
0.460538	0.239993	0.035559	0.035559
0.461590	0.269408	0.039585	0.039585
0.059164	0.211788	0.415974	0.415974
0.354897	0.156747	0.087640	0.087640
0.019319	0.243932	0.435657	0.435657
0.087417	0.174663	0.355697	0.355697
0.138257	0.119058	0.318985	0.318985
0.062972	0.226205	0.434597	0.434597
0.268306	0.036079	0.203080	0.203080
0.327170	0.147976	0.114651	0.114651
0.578883	0.357846	0.138047	0.138047
0.125864	0.131235	0.332329	0.332329
0.160452	0.098093	0.296644	0.296644
0.032689	0.272591	0.467305	0.467305
0.109424	0.148543	0.351989	0.351989
0.320024	0.152293	0.123073	0.123073
0.407655	0.240512	0.071669	0.071669
0.226948	0.035282	0.268531	0.268531
0.327873	0.101554	0.134281	0.134281
0.558899	0.344717	0.117223	0.117223
0.072766	0.189922	0.393021	0.393021
0.178185	0.080450	0.299388	0.299388
0.016449	0.241073	0.428811	0.428811
0.216507	0.047175	0.247933	0.247933
0.053380	0.213704	0.415163	0.415163
0.503362	0.282093	0.066748	0.066748
0.123905	0.150612	0.370169	0.370169
0.343841	0.119182	0.116676	0.116676
0.282332	0.033246	0.203137	0.203137
0.365918	0.136193	0.102311	0.102311
0.270709	0.054657	0.189677	0.189677
0.265690	0.027426	0.210616	0.210616
0.328317	0.105098	0.130933	0.130933
0.501661	0.282789	0.063003	0.063003
0.057871	0.238026	0.445162	0.445162
0.123973	0.134561	0.342105	0.342105
0.095318	0.162222	0.361826	0.361826
0.504626	0.286888	0.064899	0.064899
0.054948	0.212471	0.414424	0.414424
0.425909	0.177854	0.117647	0.117647
0.517625	0.266397	0.156187	0.156187
0.051595	0.224803	0.428360	0.428360
0.026220	0.267169	0.460629	0.460629
0.390331	0.165685	0.073538	0.073538
0.575236	0.354178	0.134479	0.134479
0.350345	0.126560	0.109342	0.109342
0.043462	0.284560	0.480060	0.480060
0.423211	0.233035	0.032445	0.032445
0.471107	0.269394	0.033596	0.033596
0.577922	0.356870	0.137109	0.137109
0.469247	0.251836	0.034552	0.034552
0.419610	0.198560	0.044544	0.044544
0.045508	0.266604	0.467590	0.467590
0.249438	0.007993	0.238788	0.238788
0.019685	0.265013	0.456258	0.456258
0.030264	0.242450	0.439146	0.439146
0.168749	0.090595	0.288386	0.288386
0.499026	0.275219	0.066224	0.066224
0.244923	0.068273	0.301082	0.301082
0.132744	0.125376	0.320402	0.320402
0.039912	0.281476	0.476467	0.476467
0.284553	0.127296	0.157384	0.157384
0.166970	0.098165	0.321765	0.321765
0.081340	0.177139	0.376928	0.376928
0.147697	0.129298	0.354253	0.354253
0.039640	0.271696	0.469484	0.469484
0.579121	0.357919	0.138337	0.138337
0.368597	0.164387	0.075226	0.075226
0.155130	0.114397	0.290341	0.290341
0.320023	0.152293	0.123075	0.123075
0.407634	0.240508	0.071698	0.071698
0.391374	0.167733	0.071067	0.071067
0.113672	0.151048	0.363766	0.363766
0.393754	0.160277	0.087248	0.087248
0.150606	0.110421	0.327171	0.327171
0.139786	0.122175	0.337756	0.337756
0.387316	0.146518	0.107887	0.107887
0.411072	0.183680	0.063151	0.063151
0.397639	0.158391	0.098293	0.098293
0.415257	0.183689	0.070246	0.070246
0.458660	0.284485	0.071420	0.071420
0.451050	0.279458	0.072288	0.072288
0.455029	0.276236	0.060658	0.060658
0.381252	0.220865	0.087123	0.087123
0.438842	0.235496	0.005475	0.005475
0.384674	0.207102	0.067083	0.067083
0.368124	0.229135	0.116547	0.116547
0.040719	0.276228	0.473283	0.473283
0.040753	0.277275	0.474041	0.474041
0.366005	0.231154	0.122004	0.122004
0.040101	0.274998	0.472139	0.472139
0.366068	0.231030	0.121762	0.121762
0.431097	0.275183	0.093305	0.093305
0.043367	0.290475	0.483226	0.483226
0.042791	0.287178	0.481243	0.481243
0.430957	0.275251	0.093629	0.093629
0.429784	0.273237	0.091802	0.091802
0.042672	0.289972	0.482581	0.482581
0.243228	0.029741	0.226372	0.226372
0.047015	0.255281	0.458173	0.458173
0.038130	0.277430	0.473017	0.473017
0.256424	0.033492	0.212175	0.212175
0.040080	0.270400	0.468652	0.468652
0.236742	0.030935	0.233015	0.233015
0.040357	0.266664	0.465758	0.465758
0.226086	0.033986	0.246641	0.246641
0.684448	0.460560	0.243200	0.243200
0.684448	0.460560	0.243200	0.243200
0.171695	0.113679	0.270895	0.270895
0.605651	0.382583	0.165045	0.165045
0.486418	0.264467	0.053740	0.053740
0.181852	0.075397	0.285085	0.285085
0.131029	0.131378	0.345650	0.345650
0.620401	0.396769	0.179753	0.179753
0.147698	0.130266	0.355491	0.355491
0.626806	0.401924	0.186534	0.186534
0.645041	0.422828	0.203719	0.203719
0.584938	0.365252	0.143632	0.143632
0.496994	0.243813	0.157973	0.157973
0.482945	0.266265	0.044485	0.044485
0.382070	0.159564	0.077638	0.077638
0.214346	0.049346	0.281112	0.281112
0.483010	0.238682	0.109502	0.109502
0.282540	0.119348	0.159156	0.159156
0.498770	0.245848	0.157022	0.157022
0.047046	0.228818	0.431014	0.431014
0.497047	0.244074	0.156600	0.156600
0.645136	0.422906	0.203817	0.203817
0.627040	0.402134	0.186774	0.186774
0.115902	0.146194	0.357184	0.357184
0.182606	0.074592	0.284985	0.284985
0.147701	0.130253	0.355476	0.355476
0.168753	0.089886	0.306755	0.306755
0.042285	0.275319	0.473260	0.473260
0.344875	0.143799	0.099095	0.099095
0.684448	0.460560	0.243200	0.243200
0.684448	0.460560	0.243200	0.243200
0.361356	0.188864	0.086997	0.086997
0.684448	0.460560	0.243200	0.243200
0.684448	0.460560	0.243200	0.243200
0.232993	0.044101	0.228103	0.228103
0.174766	0.122129	0.354724	0.354724
0.273587	0.078603	0.175809	0.175809
0.306487	0.132338	0.135208	0.135208
0.107946	0.150780	0.355746	0.355746
0.021159	0.257383	0.450571	0.450571
0.082685	0.175365	0.374446	0.374446
0.656730	0.430273	0.216614	0.216614
0.080420	0.176800	0.372431	0.372431
0.175091	0.085504	0.281365	0.281365
0.210611	0.050731	0.254530	0.254530
0.102322	0.178898	0.395833	0.395833
0.018230	0.239711	0.423660	0.423660
0.491464	0.284361	0.050473	0.050473
0.041812	0.277517	0.474656	0.474656
0.680486	0.467979	0.239914	0.239914
0.029726	0.227660	0.416978	0.416978
0.027116	0.231020	0.421352	0.421352
0.681208	0.468659	0.240629	0.240629
0.195340	0.110818	0.246467	0.246467
0.195340	0.110818	0.246467	0.246467
0.430600	0.202019	0.056331	0.056331
0.380141	0.172829	0.064656	0.064656
0.180546	0.085575	0.312385	0.312385
0.150068	0.112198	0.330151	0.330151
0.124863	0.133670	0.341381	0.341381
0.384578	0.149786	0.096250	0.096250
0.398694	0.143625	0.157822	0.157822
0.684448	0.460560	0.243200	0.243200
0.171921	0.101854	0.330190	0.330190
0.625055	0.404082	0.183643	0.183643
0.684448	0.460560	0.243200	0.243200
0.053619	0.249917	0.455410	0.455410
0.684448	0.460560	0.243200	0.243200
0.205701	0.054936	0.258841	0.258841
0.032275	0.273462	0.467734	0.467734
0.086277	0.171087	0.368460	0.368460
0.224288	0.059940	0.229063	0.229063
0.684448	0.460560	0.243200	0.243200
0.327633	0.099540	0.136288	0.136288
0.652466	0.428064	0.211640	0.211640
0.215267	0.044668	0.273975	0.273975
0.028386	0.234611	0.428557	0.428557
0.042872	0.234064	0.435200	0.435200
0.220050	0.037605	0.264319	0.264319
0.035426	0.264986	0.462533	0.462533
0.287585	0.095381	0.158589	0.158589
0.119077	0.139255	0.331461	0.331461
0.377345	0.190378	0.066329	0.066329
0.642943	0.413604	0.204727	0.204727
0.065410	0.195190	0.395065	0.395065
0.444512	0.201072	0.098702	0.098702
0.243686	0.049721	0.213923	0.213923
0.282540	0.119348	0.159156	0.159156
0.525158	0.333507	0.098276	0.098276
0.496994	0.243813	0.157973	0.157973
0.110921	0.154171	0.366597	0.366597
0.497047	0.244074	0.156600	0.156600
0.042653	0.280599	0.477143	0.477143
0.049403	0.225403	0.428064	0.428064
0.136031	0.132858	0.352513	0.352513
0.497924	0.244724	0.158509	0.158509
0.033366	0.274812	0.469136	0.469136
0.047040	0.210060	0.399808	0.399808
0.378344	0.125812	0.148946	0.148946
0.379813	0.172364	0.065079	0.065079
0.131746	0.130397	0.344557	0.344557
0.431626	0.203236	0.055510	0.055510
0.206394	0.051539	0.263967	0.263967
0.214377	0.044023	0.257221	0.257221
0.041477	0.285172	0.479444	0.479444
0.017589	0.239825	0.427528	0.427528
0.680210	0.468229	0.239803	0.239803
0.195340	0.110818	0.246467	0.246467
0.492416	0.285385	0.051473	0.051473
0.099021	0.184491	0.401184	0.401184
0.209027	0.050413	0.277744	0.277744
0.017528	0.246578	0.437992	0.437992
0.148454	0.116316	0.335998	0.335998
0.041918	0.277519	0.474703	0.474703
0.557197	0.348916	0.116855	0.116855
0.334469	0.086412	0.159289	0.159289
0.642567	0.417827	0.201985	0.201985
0.039979	0.281736	0.476661	0.476661
0.684448	0.460560	0.243200	0.243200
0.684448	0.460560	0.243200	0.243200
0.042188	0.281910	0.477798	0.477798
0.641757	0.417458	0.201031	0.201031
0.164335	0.093281	0.306255	0.306255
0.184146	0.083933	0.267030	0.267030
0.171510	0.086214	0.290434	0.290434
0.378497	0.142895	0.102212	0.102212
0.684448	0.460560	0.243200	0.243200
0.348840	0.099730	0.152164	0.152164
0.287304	0.073673	0.168694	0.168694
0.302157	0.055473	0.182375	0.182375
0.593471	0.370441	0.153092	0.153092
0.670644	0.446060	0.229682	0.229682
0.311470	0.128205	0.130573	0.130573
0.027413	0.258974	0.454393	0.454393
0.661144	0.439722	0.219601	0.219601
0.040890	0.285418	0.479280	0.479280
0.039608	0.280851	0.475930	0.475930
0.164053	0.093064	0.302334	0.302334
0.039608	0.280851	0.475930	0.475930
0.404279	0.156447	0.121457	0.121457
0.686194	0.462520	0.244890	0.244890
0.108426	0.151239	0.357895	0.357895
0.220051	0.037604	0.264319	0.264319
0.425390	0.198160	0.055026	0.055026
0.377587	0.190663	0.066135	0.066135
0.008971	0.257953	0.446196	0.446196
0.364726	0.156914	0.081129	0.081129
0.027679	0.235961	0.429983	0.429983
0.621843	0.405161	0.180175	0.180175
0.611511	0.390985	0.170122	0.170122
0.045321	0.248038	0.450722	0.450722
0.647715	0.426672	0.206182	0.206182
0.251157	0.080140	0.194898	0.194898
0.254786	0.003854	0.234816	0.234816
0.645917	0.429224	0.204307	0.204307
0.684448	0.460560	0.243200	0.243200
0.040890	0.285418	0.479280	0.479280
0.518982	0.284773	0.099679	0.099679
0.267485	0.014701	0.238549	0.238549
0.313560	0.065691	0.174755	0.174755
0.044461	0.288575	0.482883	0.482883
0.368121	0.113672	0.161937	0.161937
0.157556	0.101448	0.316663	0.316663
0.267468	0.010917	0.232558	0.232558
0.368121	0.113672	0.161937	0.161937
0.432784	0.184852	0.116498	0.116498
0.305551	0.112438	0.138901	0.138901
0.040538	0.276361	0.473303	0.473303
0.039967	0.227163	0.425436	0.425436
0.198776	0.063885	0.292081	0.292081
0.170530	0.100713	0.327955	0.327955
0.196600	0.066811	0.295091	0.295091
0.060301	0.315461	0.501341	0.501341
0.243876	0.031256	0.266736	0.266736
0.162462	0.123012	0.352423	0.352423
0.035554	0.238413	0.436933	0.436933
0.222742	0.056771	0.292403	0.292403
0.159063	0.125686	0.354415	0.354415
0.317390	0.088472	0.147377	0.147377
0.317390	0.088472	0.147377	0.147377
0.317390	0.088472	0.147377	0.147377
0.336091	0.088342	0.157471	0.157471
0.269266	0.012858	0.225205	0.225205
0.269266	0.012858	0.225205	0.225205
0.277851	0.020885	0.221844	0.221844
0.261511	0.027392	0.256381	0.256381
0.294226	0.039597	0.202882	0.202882
0.343275	0.092365	0.160502	0.160502
0.345061	0.095977	0.154496	0.154496
0.301974	0.045970	0.202282	0.202282
0.328027	0.074112	0.178912	0.178912
0.321872	0.067028	0.185863	0.185863
0.280002	0.022972	0.224264	0.224264
0.321872	0.067028	0.185863	0.185863
0.345472	0.097596	0.151273	0.151273
0.348337	0.096325	0.160929	0.160929
0.338460	0.089944	0.157520	0.157520
0.361077	0.119670	0.126365	0.126365
0.320756	0.070734	0.173377	0.173377
0.266353	0.018124	0.243692	0.243692
0.365238	0.119145	0.134249	0.134249
0.357869	0.113046	0.135913	0.135913
0.287849	0.031482	0.212540	0.212540
0.121212	0.141189	0.353512	0.353512
0.197287	0.064794	0.292250	0.292250
0.164242	0.099302	0.321228	0.321228
0.196814	0.065343	0.292763	0.292763
0.319884	0.064131	0.217642	0.217642
0.281411	0.024766	0.217828	0.217828
0.250929	0.006556	0.241333	0.241333
0.025354	0.272387	0.463828	0.463828
0.023251	0.267628	0.459697	0.459697
0.277730	0.030970	0.204874	0.204874
0.429909	0.213482	0.028562	0.028562
0.117615	0.144755	0.356343	0.356343
0.318882	0.072623	0.167736	0.167736
0.426627	0.211478	0.028199	0.028199
0.313875	0.069035	0.169632	0.169632
0.316816	0.076780	0.160350	0.160350
0.315394	0.076637	0.160032	0.160032
0.352985	0.115645	0.125136	0.125136
0.330476	0.082028	0.162991	0.162991
0.324843	0.088533	0.148252	0.148252
0.343758	0.098141	0.147474	0.147474
0.458489	0.233307	0.045596	0.045596
0.090762	0.192002	0.406659	0.406659
0.092083	0.190882	0.405886	0.405886
0.362123	0.121103	0.124827	0.124827
0.124193	0.149237	0.368467	0.368467
0.125356	0.152955	0.373971	0.373971
0.044550	0.244523	0.446962	0.446962
0.192304	0.078756	0.309653	0.309653
0.354874	0.113887	0.130107	0.130107
0.633323	0.435600	0.200572	0.200572
0.513555	0.307872	0.073682	0.073682
0.036976	0.259635	0.458537	0.458537
0.194703	0.076624	0.307979	0.307979
0.121606	0.145246	0.360924	0.360924
0.059656	0.226084	0.433194	0.433194
0.147665	0.111470	0.324884	0.324884
0.059397	0.226911	0.434001	0.434001
0.059422	0.226325	0.433368	0.433368
0.146868	0.110967	0.321095	0.321095
0.068053	0.201549	0.407339	0.407339
0.442293	0.194634	0.115129	0.115129
0.282656	0.025979	0.217191	0.217191
0.378694	0.127665	0.142668	0.142668
0.345068	0.114624	0.122141	0.122141
0.367953	0.116150	0.150272	0.150272
0.382522	0.132041	0.139037	0.139037
0.361327	0.121170	0.123694	0.123694
0.384057	0.131438	0.147327	0.147327
0.489329	0.246900	0.105198	0.105198
0.451142	0.207713	0.098897	0.098897
0.302073	0.048693	0.194291	0.194291
0.302569	0.048783	0.194920	0.194920
0.259884	0.007508	0.239857	0.239857
0.259378	0.003314	0.236393	0.236393
0.264699	0.008033	0.233451	0.233451
0.024252	0.259649	0.453770	0.453770
0.024437	0.258910	0.453198	0.453198
0.026771	0.230345	0.418052	0.418052
0.038281	0.221247	0.415073	0.415073
0.024452	0.258830	0.453133	0.453133
0.028675	0.237258	0.432257	0.432257
0.036327	0.286522	0.477151	0.477151
0.039243	0.290064	0.480388	0.480388
0.037078	0.287202	0.477906	0.477906
0.038140	0.288566	0.479118	0.479118
0.047369	0.299405	0.488965	0.488965
0.039111	0.291226	0.480597	0.480597
0.041020	0.293589	0.482619	0.482619
0.011428	0.262178	0.450559	0.450559
0.026742	0.280501	0.468332	0.468332
0.039873	0.248195	0.448900	0.448900
0.607988	0.394422	0.166638	0.166638
0.047586	0.215331	0.413495	0.413495
0.611374	0.401898	0.171237	0.171237
0.502040	0.257302	0.119417	0.119417
0.269809	0.017621	0.238892	0.238892
0.287875	0.040580	0.243633	0.243633
0.273995	0.034695	0.253433	0.253433
0.305063	0.057551	0.242448	0.242448
0.124708	0.139334	0.353746	0.353746
0.037100	0.234937	0.433628	0.433628
0.069589	0.187940	0.383440	0.383440
0.057756	0.199931	0.394130	0.394130
0.033297	0.225908	0.418513	0.418513
0.030817	0.286086	0.472433	0.472433
0.041218	0.290269	0.481806	0.481806
0.008162	0.258399	0.446242	0.446242
0.048221	0.210734	0.394420	0.394420
0.043368	0.215127	0.408630	0.408630
0.040436	0.287990	0.480342	0.480342
0.037602	0.219517	0.408531	0.408531
0.142389	0.118732	0.307301	0.307301
0.010306	0.266764	0.448934	0.448934
0.143663	0.117297	0.306411	0.306411
0.019226	0.265119	0.456136	0.456136
0.344024	0.135172	0.103665	0.103665
0.350948	0.158607	0.090831	0.090831
0.307003	0.093383	0.146569	0.146569
0.329402	0.093021	0.144159	0.144159
0.049102	0.248871	0.452860	0.452860
0.196010	0.075283	0.306831	0.306831
0.196010	0.075283	0.306831	0.306831
0.057006	0.240778	0.447639	0.447639
0.290774	0.051639	0.184189	0.184189
0.057006	0.240778	0.447639	0.447639
0.057047	0.240733	0.447608	0.447608
0.196010	0.075283	0.306831	0.306831
0.118116	0.151452	0.367852	0.367852
0.057006	0.240778	0.447639	0.447639
0.303331	0.073350	0.162766	0.162766
0.057006	0.240778	0.447639	0.447639
0.062523	0.234145	0.442811	0.442811
0.062537	0.234128	0.442798	0.442798
0.057006	0.240778	0.447639	0.447639
0.118275	0.141191	0.330148	0.330148
0.265525	0.011821	0.237795	0.237795
0.062406	0.226095	0.434265	0.434265
0.080691	0.203564	0.416082	0.416082
0.118116	0.151452	0.367852	0.367852
0.062523	0.234145	0.442811	0.442811
0.025795	0.280134	0.467458	0.467458
0.018721	0.272138	0.459980	0.459980
0.025692	0.280752	0.467381	0.467381
0.022333	0.277512	0.464026	0.464026
0.016028	0.266515	0.455604	0.455604
0.024317	0.256601	0.451085	0.451085
0.025920	0.267268	0.460577	0.460577
0.016028	0.266515	0.455604	0.455604
0.035381	0.222513	0.407426	0.407426
0.017039	0.248953	0.440510	0.440510
0.020682	0.239900	0.430963	0.430963
0.034925	0.263767	0.461333	0.461333
0.023466	0.240415	0.419394	0.419394
0.019510	0.260136	0.452327	0.452327
0.013039	0.270102	0.453897	0.453897
0.022090	0.277691	0.463753	0.463753
0.022090	0.277691	0.463753	0.463753
0.031468	0.230642	0.424892	0.424892
0.147916	0.138203	0.365261	0.365261
0.268580	0.030830	0.254368	0.254368
0.031468	0.230642	0.424892	0.424892
0.044984	0.262065	0.463536	0.463536
0.244134	0.052513	0.286408	0.286408
0.056348	0.233353	0.439774	0.439774
0.077653	0.182504	0.365967	0.365967
0.383802	0.230345	0.095058	0.095058
0.156522	0.112831	0.289207	0.289207
0.284082	0.132286	0.158412	0.158412
0.178931	0.091799	0.320341	0.320341
0.113957	0.143609	0.338040	0.338040
0.043114	0.266254	0.466432	0.466432
0.156512	0.120109	0.346569	0.346569
0.207012	0.074691	0.242191	0.242191
0.060301	0.315461	0.501341	0.501341
0.060301	0.315461	0.501341	0.501341
0.060301	0.315461	0.501341	0.501341
0.156522	0.112831	0.289207	0.289207
0.043114	0.266254	0.466432	0.466432
0.060301	0.315461	0.501341	0.501341
0.060301	0.315461	0.501341	0.501341
0.043114	0.266254	0.466432	0.466432
0.036951	0.284537	0.476668	0.476668
0.037360	0.285622	0.477421	0.477421
0.018929	0.269640	0.458931	0.458931
0.017021	0.258871	0.450255	0.450255
0.019232	0.270072	0.459331	0.459331
0.102536	0.157697	0.364039	0.364039
0.051418	0.211262	0.410076	0.410076
0.226619	0.043415	0.236326	0.236326
0.438127	0.201298	0.077387	0.077387
0.323417	0.112386	0.127079	0.127079
0.261312	0.012428	0.224086	0.224086
0.185026	0.072199	0.282901	0.282901
0.228440	0.037610	0.272295	0.272295
0.175624	0.095281	0.272162	0.272162
0.263043	0.021660	0.250057	0.250057
0.257271	0.051947	0.200866	0.200866
0.254048	0.012853	0.228199	0.228199
0.255059	0.036218	0.211522	0.211522
0.270796	0.018689	0.238826	0.238826
0.140859	0.124689	0.343392	0.343392
0.235869	0.027946	0.262996	0.262996
0.159231	0.103841	0.324373	0.324373
0.033605	0.233662	0.430340	0.430340
0.038770	0.226524	0.423860	0.423860
0.015881	0.257901	0.448953	0.448953
0.235939	0.021915	0.245145	0.245145
0.014573	0.262018	0.451824	0.451824
0.674160	0.485553	0.249745	0.249745
0.813148	0.628957	0.393177	0.393177
0.350856	0.108953	0.134879	0.134879
0.293978	0.041290	0.233306	0.233306
0.558706	0.334271	0.120322	0.120322
0.571934	0.353220	0.130566	0.130566
0.038250	0.219115	0.405694	0.405694
0.551177	0.327507	0.112644	0.112644
0.100297	0.170394	0.341424	0.341424
0.507641	0.277913	0.082450	0.082450
0.034626	0.278058	0.471825	0.471825
0.047048	0.300836	0.488723	0.488723
0.047300	0.301463	0.488930	0.488930
0.258444	0.046136	0.275368	0.275368
0.056360	0.310828	0.497799	0.497799
0.027022	0.242376	0.437613	0.437613
0.209229	0.088228	0.323866	0.323866
0.048192	0.302060	0.489853	0.489853
0.248568	0.011915	0.247584	0.247584
0.103517	0.156266	0.362180	0.362180
0.036764	0.286638	0.477483	0.477483
0.242397	0.024381	0.260188	0.260188
0.038187	0.285219	0.477708	0.477708
0.238799	0.026055	0.261556	0.261556
0.056885	0.311338	0.498320	0.498320
0.037459	0.271541	0.468504	0.468504
0.045976	0.299002	0.487661	0.487661
0.037271	0.273466	0.469859	0.469859
0.042513	0.295294	0.484156	0.484156
0.142782	0.124050	0.343932	0.343932
0.232223	0.040359	0.231481	0.231481
0.033804	0.287462	0.475467	0.475467
0.048670	0.302538	0.490327	0.490327
0.294610	0.075712	0.163688	0.163688
0.122299	0.154287	0.374187	0.374187
0.050720	0.244665	0.449320	0.449320
0.235322	0.047050	0.282727	0.282727
0.052391	0.233218	0.438134	0.438134
0.060301	0.315461	0.501341	0.501341
0.130021	0.129451	0.320004	0.320004
0.042903	0.271836	0.470856	0.470856
0.043167	0.271846	0.470965	0.470965
0.063805	0.199261	0.400848	0.400848
0.060301	0.315461	0.501341	0.501341
0.036971	0.226009	0.404896	0.404896
0.083629	0.204592	0.418444	0.418444
0.119308	0.160345	0.380494	0.380494
0.007161	0.261631	0.443421	0.443421
0.060301	0.315461	0.501341	0.501341
0.029006	0.239627	0.415628	0.415628
0.054838	0.244025	0.450120	0.450120
0.104676	0.175373	0.392543	0.392543
0.045368	0.298865	0.487060	0.487060
0.412948	0.165932	0.116031	0.116031
0.379206	0.127409	0.145502	0.145502
0.060301	0.315461	0.501341	0.501341
0.119308	0.160345	0.380494	0.380494
0.083629	0.204592	0.418444	0.418444
0.029459	0.270306	0.464294	0.464294
0.033644	0.276156	0.470153	0.470153
0.211116	0.046721	0.271613	0.271613
0.060301	0.315461	0.501341	0.501341
0.547333	0.340401	0.107428	0.107428
0.195333	0.061765	0.277772	0.277772
0.011155	0.250495	0.431834	0.431834
0.054263	0.308226	0.495858	0.495858
0.341549	0.088614	0.167798	0.167798
0.060301	0.315461	0.501341	0.501341
0.034468	0.240224	0.438489	0.438489
0.293274	0.081914	0.160584	0.160584
0.060301	0.315461	0.501341	0.501341
0.039026	0.286284	0.478710	0.478710
0.289214	0.042517	0.193915	0.193915
0.060301	0.315461	0.501341	0.501341
0.479121	0.301882	0.079401	0.079401
0.030597	0.226725	0.415962	0.415962
0.060301	0.315461	0.501341	0.501341
0.392620	0.189142	0.049823	0.049823
0.060301	0.315461	0.501341	0.501341
0.030051	0.229879	0.422493	0.422493
0.277511	0.026439	0.239149	0.239149
0.110668	0.150158	0.358775	0.358775
0.381031	0.153354	0.086200	0.086200
0.399571	0.172371	0.070656	0.070656
0.524861	0.305105	0.085174	0.085174
0.459631	0.227786	0.063195	0.063195
0.343990	0.088039	0.180348	0.180348
0.195234	0.070603	0.299996	0.299996
0.390667	0.188218	0.051539	0.051539
0.022969	0.247754	0.423955	0.423955
0.060301	0.315461	0.501341	0.501341
0.045368	0.298865	0.487060	0.487060
0.023399	0.235301	0.425625	0.425625
0.102210	0.156922	0.361585	0.361585
0.237622	0.086202	0.206505	0.206505
0.223680	0.084373	0.220962	0.220962
0.047012	0.214507	0.411645	0.411645
0.482052	0.302536	0.077633	0.077633
0.060301	0.315461	0.501341	0.501341
0.177479	0.079620	0.290695	0.290695
0.378312	0.179694	0.063523	0.063523
0.121721	0.141982	0.355534	0.355534
0.383797	0.156165	0.083818	0.083818
0.374998	0.147847	0.090569	0.090569
0.041669	0.291603	0.482602	0.482602
0.392620	0.189142	0.049823	0.049823
0.060301	0.315461	0.501341	0.501341
0.011034	0.266580	0.452664	0.452664
0.060301	0.315461	0.501341	0.501341
0.060301	0.315461	0.501341	0.501341
0.463534	0.244011	0.034798	0.034798
0.181241	0.078802	0.300743	0.300743
0.030490	0.238875	0.435153	0.435153
0.378936	0.162080	0.073778	0.073778
0.472194	0.296456	0.077105	0.077105
0.067272	0.195526	0.397618	0.397618
0.068763	0.192772	0.394152	0.394152
0.066339	0.195744	0.397113	0.397113
0.066339	0.195744	0.397113	0.397113
0.068763	0.192772	0.394152	0.394152
0.074444	0.185378	0.386035	0.386035
0.074444	0.185378	0.386035	0.386035
0.111018	0.150028	0.358968	0.358968
0.095621	0.168558	0.377292	0.377292
0.095621	0.168558	0.377292	0.377292
0.051162	0.219621	0.421796	0.421796
0.260820	0.060235	0.193911	0.193911
0.044860	0.238097	0.440429	0.440429
0.044860	0.238097	0.440429	0.440429
0.028902	0.277141	0.468393	0.468393
0.037684	0.287213	0.478307	0.478307
0.044860	0.238097	0.440429	0.440429
0.037684	0.287213	0.478307	0.478307
0.053794	0.250898	0.456399	0.456399
0.073633	0.204693	0.414330	0.414330
0.065110	0.214170	0.421859	0.421859
0.082295	0.174888	0.370501	0.370501
0.148720	0.129279	0.354702	0.354702
0.066726	0.190395	0.383127	0.383127
0.066615	0.190490	0.382905	0.382905
0.150221	0.127666	0.353334	0.353334
0.142087	0.136584	0.360952	0.360952
0.065354	0.202794	0.407398	0.407398
0.150458	0.127700	0.353483	0.353483
0.150221	0.128179	0.353983	0.353983
0.065126	0.203227	0.407865	0.407865
0.034567	0.247622	0.446336	0.446336
0.111012	0.164578	0.381847	0.381847
0.149428	0.128923	0.354569	0.354569
0.220815	0.074609	0.226763	0.226763
0.108657	0.172908	0.391294	0.391294
0.503045	0.261316	0.109558	0.109558
0.186946	0.077847	0.305125	0.305125
0.073859	0.198569	0.406673	0.406673
0.107143	0.150097	0.350078	0.350078
0.223235	0.043060	0.277157	0.277157
0.075884	0.182388	0.380843	0.380843
0.104425	0.153210	0.354714	0.354714
0.569523	0.340651	0.134325	0.134325
0.537822	0.317886	0.097645	0.097645
0.108045	0.155183	0.365645	0.365645
0.107143	0.150097	0.350078	0.350078
0.104425	0.153210	0.354714	0.354714
0.421269	0.192054	0.061672	0.061672
0.554621	0.333580	0.114389	0.114389
0.116567	0.143859	0.353116	0.353116
0.102504	0.157132	0.362643	0.362643
0.546218	0.324123	0.106888	0.106888
0.533225	0.308340	0.097015	0.097015
0.102504	0.157132	0.362643	0.362643
0.527527	0.303212	0.091296	0.091296
0.104425	0.153210	0.354714	0.354714
0.398767	0.152231	0.118824	0.118824
0.266968	0.010447	0.232850	0.232850
0.258096	0.012511	0.245479	0.245479
0.355864	0.159537	0.086262	0.086262
0.153969	0.121363	0.346983	0.346983
0.038570	0.220549	0.414011	0.414011
0.025698	0.241347	0.435774	0.435774
0.026379	0.235204	0.428051	0.428051
0.035281	0.229188	0.425370	0.425370
0.055101	0.202099	0.394020	0.394020
0.055114	0.202086	0.394012	0.394012
0.085725	0.172405	0.361067	0.361067
0.037842	0.219316	0.406890	0.406890
0.065874	0.192868	0.390506	0.390506
0.069383	0.187747	0.379154	0.379154
0.102354	0.159562	0.341946	0.341946
0.267482	0.040129	0.264379	0.264379
0.310647	0.065032	0.245987	0.245987
0.361224	0.104330	0.199227	0.199227
0.438919	0.251034	0.036256	0.036256
0.516105	0.313147	0.078000	0.078000
0.164286	0.143664	0.278740	0.278740
0.438919	0.251034	0.036256	0.036256
0.438919	0.251034	0.036256	0.036256
0.164286	0.143664	0.278740	0.278740
0.164286	0.143664	0.278740	0.278740
0.435122	0.247169	0.035426	0.035426
0.060301	0.315461	0.501341	0.501341
0.376966	0.123481	0.153850	0.153850
0.033777	0.279411	0.472219	0.472219
0.032838	0.257241	0.454882	0.454882
0.030379	0.274544	0.467593	0.467593
0.028858	0.269925	0.463764	0.463764
0.043353	0.296335	0.485022	0.485022
0.043209	0.293527	0.484318	0.484318
0.206329	0.051473	0.275042	0.275042
0.060301	0.315461	0.501341	0.501341
0.043209	0.293527	0.484318	0.484318
0.043209	0.293527	0.484318	0.484318
0.023904	0.251836	0.446394	0.446394
0.049292	0.301882	0.490965	0.490965
0.050291	0.302240	0.491906	0.491906
0.041647	0.291327	0.482489	0.482489
0.051359	0.303771	0.493029	0.493029
0.045492	0.265145	0.466358	0.466358
0.050257	0.256278	0.460200	0.460200
0.123427	0.136378	0.346098	0.346098
0.275882	0.056738	0.185317	0.185317
0.536089	0.314092	0.097229	0.097229
0.274081	0.047558	0.192251	0.192251
0.497489	0.274783	0.063489	0.063489
0.536258	0.312832	0.098473	0.098473
0.188101	0.114685	0.253654	0.253654
0.246884	0.035757	0.218811	0.218811
0.246884	0.035757	0.218811	0.218811
0.073859	0.198569	0.406673	0.406673
0.033802	0.233577	0.430336	0.430336
0.049539	0.256603	0.460251	0.460251
0.041057	0.277147	0.474079	0.474079
0.048288	0.242463	0.446249	0.446249
0.269580	0.048050	0.194376	0.194376
0.041157	0.278113	0.474798	0.474798
0.513023	0.309834	0.074702	0.074702
0.511418	0.308265	0.073096	0.073096
0.041057	0.277147	0.474079	0.474079
0.049539	0.256603	0.460251	0.460251
0.591796	0.403429	0.167785	0.167785
0.441873	0.255386	0.039835	0.039835
0.441873	0.255386	0.039835	0.039835
0.441873	0.255386	0.039835	0.039835
0.045492	0.265145	0.466358	0.466358
0.441873	0.255386	0.039835	0.039835
0.240068	0.062079	0.211664	0.211664
0.025414	0.232965	0.416528	0.416528
0.078106	0.179554	0.376815	0.376815
0.031179	0.227923	0.420043	0.420043
0.221868	0.037057	0.251207	0.251207
0.042467	0.215900	0.409066	0.409066
0.221868	0.037057	0.251207	0.251207
0.041432	0.220731	0.417156	0.417156
0.074753	0.183981	0.383117	0.383117
0.041587	0.218221	0.412920	0.412920
0.062083	0.195180	0.388448	0.388448
0.076394	0.182048	0.368910	0.368910
0.056605	0.200598	0.392743	0.392743
0.397933	0.149031	0.127443	0.127443
0.087596	0.169774	0.367390	0.367390
0.096389	0.161186	0.361106	0.361106
0.017922	0.246597	0.438211	0.438211
0.134580	0.126204	0.314354	0.314354
0.253296	0.028543	0.217782	0.217782
0.112088	0.145302	0.347055	0.347055
0.328444	0.115052	0.123155	0.123155
0.126385	0.130889	0.329075	0.329075
0.272383	0.049909	0.191587	0.191587
0.221190	0.045215	0.242426	0.242426
0.131008	0.126931	0.334276	0.334276
0.293242	0.057970	0.177999	0.177999
0.500036	0.259812	0.103211	0.103211
0.258941	0.020317	0.219334	0.219334
0.206378	0.068596	0.302384	0.302384
0.030354	0.278375	0.469841	0.469841
0.319266	0.071015	0.170962	0.170962
0.039312	0.222423	0.418141	0.418141
0.144220	0.114491	0.326378	0.326378
0.297695	0.046095	0.193908	0.193908
0.341618	0.092783	0.156134	0.156134
0.253585	0.044077	0.208100	0.208100
0.254743	0.043886	0.207261	0.207261
0.283314	0.067389	0.174650	0.174650
0.202298	0.061506	0.291124	0.291124
0.176219	0.083803	0.304630	0.304630
0.018093	0.240512	0.429771	0.429771
0.179118	0.080532	0.279787	0.279787
0.213059	0.054691	0.287775	0.287775
0.110078	0.150262	0.358169	0.358169
0.195657	0.067598	0.295590	0.295590
0.021521	0.257554	0.450866	0.450866
0.129638	0.132348	0.345934	0.345934
0.057618	0.203765	0.402874	0.402874
0.323755	0.076222	0.166165	0.166165
0.258926	0.012082	0.225424	0.225424
0.241223	0.017575	0.240292	0.240292
0.225910	0.034996	0.267326	0.267326
0.173987	0.103135	0.332726	0.332726
0.164050	0.093841	0.307750	0.307750
0.314057	0.065853	0.174944	0.174944
0.047386	0.210160	0.402431	0.402431
0.036635	0.259067	0.457910	0.457910
0.255915	0.009935	0.244533	0.244533
0.254595	0.018073	0.252021	0.252021
0.029344	0.268149	0.462658	0.462658
0.425002	0.220533	0.016742	0.016742
0.142675	0.115239	0.324783	0.324783
0.054387	0.202731	0.393794	0.393794
0.143240	0.114662	0.324280	0.324280
0.291172	0.052140	0.255338	0.255338
0.299212	0.045691	0.230274	0.230274
0.350984	0.093894	0.192719	0.192719
0.314778	0.063066	0.232530	0.232530
0.026287	0.271497	0.463707	0.463707
0.322146	0.067627	0.222661	0.222661
0.067302	0.194116	0.395115	0.395115
0.050428	0.213569	0.412944	0.412944
0.315276	0.058860	0.196983	0.196983
0.182685	0.078062	0.301180	0.301180
0.088447	0.201830	0.417151	0.417151
0.181693	0.101183	0.333069	0.333069
0.274940	0.024596	0.240527	0.240527
0.272873	0.047914	0.268286	0.268286
0.296948	0.045023	0.234429	0.234429
0.074653	0.185462	0.386511	0.386511
0.030165	0.271170	0.465214	0.465214
0.278991	0.021897	0.223580	0.223580
0.298637	0.050613	0.241799	0.241799
0.115778	0.167047	0.387219	0.387219
0.112978	0.173403	0.393697	0.393697
0.103308	0.181790	0.399748	0.399748
0.105500	0.178729	0.397001	0.397001
0.107502	0.177194	0.395995	0.395995
0.159323	0.098125	0.309250	0.309250
0.058601	0.209318	0.412306	0.412306
0.155698	0.126088	0.353666	0.353666
0.131905	0.125829	0.332662	0.332662
0.133237	0.123911	0.324608	0.324608
0.130944	0.133936	0.350210	0.350210
0.103469	0.158486	0.366918	0.366918
0.358841	0.103995	0.167637	0.167637
0.205386	0.058207	0.288285	0.288285
0.202523	0.060667	0.289956	0.289956
0.028975	0.270542	0.464255	0.464255
0.189729	0.067736	0.277814	0.277814
0.183735	0.076142	0.275892	0.275892
0.127768	0.135819	0.350478	0.350478
0.177829	0.079504	0.294092	0.294092
0.285255	0.043621	0.251485	0.251485
0.197650	0.080866	0.314167	0.314167
0.104320	0.153525	0.355713	0.355713
0.122876	0.140562	0.354128	0.354128
0.081143	0.178028	0.378980	0.378980
0.059182	0.215481	0.420680	0.420680
0.196886	0.066864	0.295417	0.295417
0.181162	0.078647	0.277952	0.277952
0.183367	0.082252	0.269517	0.269517
0.181162	0.078647	0.277952	0.277952
0.162672	0.094460	0.301202	0.301202
0.331458	0.116825	0.120784	0.120784
0.136207	0.121022	0.326073	0.326073
0.543371	0.341589	0.106534	0.106534
0.335999	0.180769	0.115610	0.115610
0.319384	0.110820	0.130052	0.130052
0.048134	0.235606	0.439046	0.439046
0.334940	0.086576	0.159626	0.159626
0.060301	0.315461	0.501341	0.501341
0.323860	0.144468	0.117879	0.117879
0.579712	0.369168	0.138858	0.138858
0.553696	0.331786	0.113938	0.113938
0.035920	0.246752	0.445976	0.445976
0.056394	0.222508	0.427809	0.427809
0.313271	0.056174	0.206635	0.206635
0.317337	0.060249	0.203975	0.203975
0.414612	0.173885	0.094894	0.094894
0.042843	0.242963	0.444743	0.444743
0.179136	0.077980	0.288803	0.288803
0.403817	0.156975	0.118077	0.118077
0.400832	0.148324	0.142104	0.142104
0.451591	0.218193	0.066658	0.066658
0.032943	0.254548	0.452446	0.452446
0.344559	0.096273	0.152858	0.152858
0.300141	0.043744	0.205211	0.205211
0.169064	0.091758	0.312080	0.312080
0.028489	0.262645	0.457947	0.457947
0.136385	0.143111	0.366609	0.366609
0.037520	0.281559	0.475358	0.475358
0.162120	0.095531	0.308170	0.308170
0.046332	0.298610	0.487950	0.487950
0.053089	0.210453	0.410139	0.410139
0.023553	0.267974	0.460074	0.460074
0.041769	0.291573	0.482660	0.482660
0.038873	0.292225	0.480544	0.480544
0.045575	0.298094	0.487216	0.487216
0.135516	0.158766	0.384810	0.384810
0.098255	0.159500	0.360363	0.360363
0.470732	0.221747	0.125235	0.125235
0.035112	0.247684	0.446607	0.446607
0.040600	0.290877	0.481613	0.481613
0.039953	0.289404	0.480643	0.480643
0.039097	0.279444	0.474790	0.474790
0.023415	0.247662	0.441897	0.441897
0.048298	0.299801	0.489817	0.489817
0.010449	0.267029	0.452072	0.452072
0.442231	0.187951	0.150771	0.150771
0.003768	0.259417	0.445048	0.445048
0.020912	0.277193	0.462387	0.462387
0.480379	0.231617	0.127088	0.127088
0.449400	0.196201	0.144128	0.144128
0.051238	0.205859	0.395909	0.395909
0.002306	0.255923	0.441471	0.441471
0.086011	0.175314	0.379782	0.379782
0.055456	0.201644	0.391937	0.391937
0.043591	0.213759	0.404855	0.404855
0.088783	0.172728	0.377906	0.377906
0.041529	0.215933	0.407119	0.407119
0.016382	0.259808	0.450797	0.450797
0.017801	0.258798	0.450502	0.450502
0.025797	0.273343	0.464626	0.464626
0.041604	0.295335	0.483297	0.483297
0.047929	0.300138	0.489554	0.489554
0.050061	0.303866	0.491716	0.491716
0.045841	0.297815	0.487409	0.487409
0.048880	0.302649	0.490547	0.490547
0.025356	0.256579	0.451463	0.451463
0.023618	0.259644	0.453520	0.453520
0.059852	0.202251	0.402362	0.402362
0.085468	0.172931	0.373265	0.373265
0.020654	0.246739	0.439669	0.439669
0.080270	0.179903	0.382048	0.382048
0.035789	0.231074	0.428206	0.428206
0.129272	0.127826	0.329208	0.329208
0.043570	0.296433	0.485230	0.485230
0.154127	0.103139	0.306506	0.306506
0.063598	0.198640	0.399591	0.399591
0.027787	0.253764	0.449769	0.449769
0.076070	0.182914	0.382686	0.382686
0.158867	0.118545	0.345641	0.345641
0.131191	0.140011	0.359764	0.359764
0.157191	0.121538	0.348676	0.348676
0.364857	0.155552	0.081902	0.081902
0.382447	0.163836	0.072322	0.072322
0.319984	0.120840	0.125127	0.125127
0.319984	0.120840	0.125127	0.125127
0.289271	0.099132	0.156037	0.156037
0.364857	0.155552	0.081902	0.081902
0.419678	0.183318	0.080650	0.080650
0.362861	0.154312	0.083531	0.083531
0.362861	0.154312	0.083531	0.083531
0.207088	0.051463	0.276961	0.276961
0.043000	0.216568	0.411292	0.411292
0.046416	0.254374	0.457127	0.457127
0.032176	0.242758	0.440299	0.440299
0.028423	0.276083	0.467557	0.467557
0.060301	0.315461	0.501341	0.501341
0.039244	0.235826	0.435621	0.435621
0.052913	0.204185	0.394551	0.394551
0.229629	0.056940	0.292712	0.292712
0.313667	0.132580	0.128126	0.128126
0.179359	0.099728	0.265573	0.265573
0.155988	0.133063	0.361983	0.361983
0.682507	0.429200	0.292335	0.292335
0.383372	0.127511	0.166989	0.166989
0.148460	0.110965	0.325048	0.325048
0.084413	0.184068	0.392965	0.392965
0.210216	0.084637	0.235083	0.235083
0.319984	0.120840	0.125127	0.125127
0.322622	0.121031	0.123201	0.123201
0.029212	0.251269	0.447906	0.447906
0.346380	0.094863	0.160461	0.160461
0.097076	0.161151	0.363103	0.363103
0.067145	0.205544	0.412165	0.412165
0.033426	0.240984	0.438884	0.438884
0.029571	0.242350	0.438731	0.438731
0.172717	0.092187	0.316766	0.316766
0.223024	0.061932	0.229516	0.229516
0.147430	0.112285	0.326626	0.326626
0.328659	0.087468	0.151557	0.151557
0.083325	0.178160	0.382273	0.382273
0.128527	0.134248	0.348364	0.348364
0.015437	0.247966	0.438609	0.438609
0.303858	0.094853	0.147395	0.147395
0.029212	0.251269	0.447906	0.447906
0.049970	0.220972	0.422890	0.422890
0.098698	0.160395	0.364351	0.364351
0.279795	0.036907	0.198955	0.198955
0.263410	0.006325	0.232370	0.232370
0.049117	0.237095	0.441010	0.441010
0.097289	0.162481	0.367223	0.367223
0.093905	0.164501	0.366302	0.366302
0.236957	0.042034	0.224990	0.224990
0.518166	0.279274	0.110329	0.110329
0.100265	0.156951	0.355611	0.355611
0.094804	0.172158	0.382461	0.382461
0.203473	0.063289	0.253678	0.253678
0.263410	0.006325	0.232370	0.232370
0.110793	0.148800	0.355792	0.355792
0.097411	0.164803	0.372306	0.372306
0.109148	0.151772	0.360209	0.360209
0.111674	0.147309	0.353448	0.353448
0.234412	0.051698	0.222209	0.222209
0.273976	0.074116	0.177385	0.177385
0.273239	0.073192	0.178350	0.178350
0.294974	0.079467	0.161108	0.161108
0.293431	0.078382	0.162564	0.162564
0.320377	0.130265	0.122228	0.122228
0.298334	0.087464	0.154598	0.154598
0.039978	0.288422	0.480258	0.480258
0.039776	0.288077	0.479984	0.479984
0.943846	0.754682	0.519646	0.519646
0.117467	0.143805	0.354246	0.354246
0.234413	0.046389	0.282144	0.282144
0.663172	0.453965	0.223660	0.223660
0.581812	0.360647	0.140965	0.140965
0.601705	0.382831	0.160128	0.160128
0.316328	0.168486	0.133315	0.133315
0.289309	0.110548	0.153378	0.153378
0.679712	0.493308	0.257491	0.257491
0.575911	0.355052	0.135070	0.135070
0.402996	0.193946	0.042110	0.042110
0.581111	0.360459	0.140111	0.140111
0.289183	0.052573	0.183425	0.183425
0.074817	0.191337	0.397049	0.397049
0.083858	0.177878	0.382330	0.382330
0.068677	0.194299	0.396800	0.396800
0.092952	0.170715	0.378542	0.378542
0.023336	0.241905	0.435257	0.435257
0.043695	0.296051	0.485295	0.485295
0.038003	0.226711	0.423636	0.423636
0.043017	0.295023	0.484549	0.484549
